name,smiles,source,detected_in_ism,molecular_charge,net_formal_charge,Exact_MW,Heavy_Atom_Count,Num_H_Donors,Num_H_Acceptors,Num_Rotatable_Bonds,Num_Aromatic_Rings,has_oxygen,BDE_min_kJmol,BDE_mean_kJmol,BDE_bond_type_of_min,BDE_weak_bond_count,BDE_source,spin_tax_correction_kJmol,oxygen_radical_flag,ZPE_scaling_factor,radical_stability_score,BDE_min_bond_length_A,tunneling_p_10K,tunneling_p_20K,tunneling_p_50K,gamow_factor,crossover_T,effective_barrier_kJmol,barrier_width_angstrom,particle_mass_amu,crossover_T_independent,log_tunneling_10K_independent,log_tunneling_20K_independent,log_tunneling_50K_independent,log_gamow_factor_independent,BDE_est_from_length_kJmol,effective_barrier_independent_kJmol,log_tunneling_10K,log_tunneling_20K,log_tunneling_50K,log_gamow_factor,bde_literature_kjmol
HCOOH+,O=C[OH+],"KIDA,UMIST",True,positive,1,46.004930724089995,3,0,1,0,0,True,92.9,261.28014428084396,C-H,1,literature,0.0,True,1.0,5.0,,1.344929712895155e-22,1.4602713723994657e-22,2.0601220169210193e-22,1.1219259040064031e-14,123.0100391927552,51.60426901589215,1.0,1.008,686.9653561832204,-23.278569154719595,-22.735402136356928,-22.595416019763583,-36.520745363756674,446.5319237054945,297.68794913699634,-21.871300411646263,-21.835566428747075,-21.686107056472505,-13.9500358244914,92.9
C2H5+,[CH2+]C,"KIDA,UMIST",True,positive,1,29.03857658,2,0,0,0,0,False,378.1,378.1,C-H,5,literature,0.0,False,1.0,0.0,,0.0,0.0,4.1493356720348305e-183,1.7479888648916223e-40,350.5773704779167,419.1527070506179,1.0,1.008,686.9653561832204,-35.25168942794757,-34.28656560786723,-33.91947075501021,-44.72859558365914,446.5319237054945,446.5319237054945,-300.0,-300.0,-182.3820214302914,-39.75746133825283,378.1
C4H7+,[CH2+]C=CC,"KIDA,UMIST",True,positive,1,55.054226644089994,4,0,0,0,0,False,404.93208264609825,469.44359276743035,C-H,0,xtb_corrected,-15.4,False,1.0,3.0,1.089641061143388,0.0,0.0,1.3585764382223472e-177,8.371153080384796e-40,344.57902289719686,404.93208264609825,1.0,1.008,686.9653561832204,-35.253755605881175,-34.288559144058986,-33.92142235510958,-44.715149036856246,446.55754238140014,446.55754238140014,-300.0,-300.0,-176.86691592164485,-39.07721471620541,
C6H7+,C1=C[CH+]CC=C1,"KIDA,UMIST",True,positive,1,79.05422664,6,0,0,0,0,False,320.9,320.90000000000003,C-H,7,literature,0.0,False,1.0,3.0,,0.0,0.0,3.760338901574645e-178,7.136879463068428e-40,345.18989995774444,406.3690998164023,1.0,1.008,686.9653561832204,-35.25168942794757,-34.28656560786723,-33.91947075501021,-44.72859558365914,446.5319237054945,446.5319237054945,-300.0,-300.0,-177.42477301239916,-39.14649163811295,320.9
CD,[2H][C],KIDA,True,neutral,0,14.01410178,1,0,0,0,0,False,338.8,338.8,C-H,1,literature,0.0,False,1.0,0.0,,0.0,0.0,0.0,1.846583208613884e-61,268.03749295566547,489.5471711028284,1.0,2.014,686.9653561832204,-35.25168942794757,-34.28656560786723,-33.91947075501021,-63.22440183626138,446.5319237054945,446.5319237054945,-300.0,-300.0,-300.0,-60.733631117892415,338.8
CH,[CH],KIDA,True,neutral,0,13.00782503,1,0,0,0,0,False,337.6,337.6,C-H,1,literature,0.0,False,1.0,0.0,,0.0,0.0,1.0636200520043496e-225,1.0802382906367938e-43,378.87418415848026,489.54717101618735,1.0,1.008,686.9653561832204,-35.25168942794757,-34.28656560786723,-33.91947075501021,-44.72859558365914,446.5319237054945,446.5319237054945,-300.0,-300.0,-224.97321348368274,-42.9664804325746,337.6
CH+,[CH+],KIDA,True,positive,1,13.00727645,1,0,0,0,0,False,394.1,394.1,C-H,0,literature,0.0,False,1.0,0.0,,,,,,,,1.0,1.008,686.9653561832204,-35.25168942794757,-34.28656560786723,-33.91947075501021,-44.72859558365914,446.5319237054945,446.5319237054945,,,,,394.1
CCH,[C]#C,KIDA,True,neutral,0,25.00782503,2,0,0,0,0,False,468.6,468.6,C-H,0,literature,0.0,False,1.0,2.0,,0.0,2.5050974965148e-269,4.575069508077969e-133,5.371152759421263e-37,319.824685324064,348.8417683397175,1.0,1.008,686.9653561832204,-35.25168942794757,-34.28656560786723,-33.91947075501021,-44.72859558365914,446.5319237054945,446.5319237054945,-300.0,-268.60117536705246,-132.33960230340182,-36.26993249580356,468.6
C2H+,[C+]#C,KIDA,True,positive,1,25.00727645,2,0,0,0,0,False,514.3,514.3,C-H,0,literature,0.0,False,1.0,2.0,,0.0,0.0,0.0,2.13002754406288e-52,455.6351997423684,708.0094467683008,1.0,1.008,686.9653561832204,-35.25168942794757,-34.28656560786723,-33.91947075501021,-44.72859558365914,446.5319237054945,446.5319237054945,-300.0,-300.0,-300.0,-51.67161478052503,514.3
CH2,[CH2],KIDA,True,neutral,0,14.015650064,1,0,0,0,0,False,417.85,417.85,C-H,0,literature,0.0,False,1.0,0.0,,0.0,0.0,9.198004728176333e-179,5.993611140722593e-40,345.8584714622508,407.944753710173,1.0,1.008,686.9653561832204,-35.25168942794757,-34.28656560786723,-33.91947075501021,-44.72859558365914,446.5319237054945,446.5319237054945,-300.0,-300.0,-178.0363063715156,-39.22231143705215,417.85
CH2+,[CH2+],KIDA,True,positive,1,14.01510148,1,0,0,0,0,False,442.6,442.6,C-H,0,literature,0.0,False,1.0,0.0,,0.0,0.0,0.0,5.792780659852497e-53,460.6217064883326,723.5912669749601,1.0,1.008,686.9653561832204,-35.25168942794757,-34.28656560786723,-33.91947075501021,-44.72859558365914,446.5319237054945,446.5319237054945,-300.0,-300.0,-300.0,-52.23711291548837,442.6
C2H2,C#C,KIDA,True,neutral,0,26.01565006,2,0,0,0,0,False,551.2,551.2,C-H,0,literature,0.0,False,1.0,2.0,,0.0,0.0,5.23e-321,2.136362313739112e-48,420.35222214796033,602.6028926232096,1.0,1.008,686.9653561832204,-35.25168942794757,-34.28656560786723,-33.91947075501021,-44.72859558365914,446.5319237054945,446.5319237054945,-300.0,-300.0,-300.0,-47.67032509175865,551.2
C2H2+,[CH]=[CH+],KIDA,True,positive,1,26.01510148,2,0,0,0,0,False,574.8,574.8,C-H,0,literature,0.0,False,1.0,2.0,,0.0,0.0,5.459551109115713e-258,2.0736070680401838e-45,394.0126963122495,529.4499962451299,1.0,1.008,686.9653561832204,-35.25168942794757,-34.28656560786723,-33.91947075501021,-44.72859558365914,446.5319237054945,446.5319237054945,-300.0,-300.0,-257.26284306404403,-44.68327353548272,574.8
C2HO+,[C+]=C[O],KIDA,True,positive,1,41.00219107,3,0,0,0,0,True,510.2,510.2,C-H,0,literature,0.0,True,1.0,4.0,,0.0,0.0,7.744818268256555e-191,2.0231196454712868e-41,358.8354857931921,439.1322024035505,1.0,1.008,686.9653561832204,-23.278569154719595,-22.735402136356928,-22.595416019763583,-36.520745363756674,446.5319237054945,297.68794913699634,-300.0,-300.0,-190.11098876848183,-40.69397843268572,510.2
HCCP,[CH+]=C=[P-],KIDA,True,neutral,0,55.98158666,3,0,0,0,0,False,479.1321135350112,479.1321135350112,C-H,0,xtb_corrected,-15.4,False,1.0,2.0,1.07645087208256,0.0,0.0,2.396297094570337e-221,3.1119318613180392e-43,374.8222658146148,479.1321135350112,1.0,1.008,686.9653561832204,-35.32968394974679,-34.361818068249775,-33.99313987340392,-44.22040765391166,447.4989706287416,447.4989706287416,-300.0,-300.0,-220.62045933881456,-42.506969920865366,
HC2N+,[CH+]=C=[N],KIDA,True,positive,1,39.01035045,3,0,0,0,0,False,429.4,429.4,C-H,0,literature,0.0,False,1.0,2.0,,0.0,0.0,0.0,2.3357395168447504e-49,428.8284341917181,627.1503447756933,1.0,1.008,686.9653561832204,-35.25168942794757,-34.28656560786723,-33.91947075501021,-44.72859558365914,446.5319237054945,446.5319237054945,-300.0,-300.0,-300.0,-48.63157559165582,429.4
c-C3H,[C]1=C=C1,KIDA,True,neutral,0,37.00782503,3,0,0,0,0,False,715.0,715.0,C-H,0,literature,0.0,False,1.0,3.0,,,,,,,,1.0,1.008,686.9653561832204,-35.25168942794757,-34.28656560786723,-33.91947075501021,-44.72859558365914,446.5319237054945,446.5319237054945,,,,,715.0
C3H+,[C+]C#C,KIDA,True,positive,1,37.00727645,3,0,0,0,0,False,683.1222047425149,683.1222047425149,C-H,0,xtb_corrected,-15.4,False,1.0,2.0,1.063485378630859,0.0,0.0,0.0,1.7565633429352686e-51,447.5555455097942,683.1222047425149,1.0,1.008,686.9653561832204,-35.40432072333111,-34.433830895161236,-34.06363689390572,-43.73293556384548,448.4243615931821,448.4243615931821,-300.0,-300.0,-300.0,-50.755336184618756,
CH3,[CH3],KIDA,True,neutral,0,15.0234751,1,0,0,0,0,False,439.3,439.3,C-H,0,literature,0.0,False,1.0,0.0,,0.0,0.0,5.855440402140833e-305,3.0900850971617783e-48,418.9387519723941,598.5570990635,1.0,1.008,686.9653561832204,-35.25168942794757,-34.28656560786723,-33.91947075501021,-44.72859558365914,446.5319237054945,446.5319237054945,-300.0,-300.0,-299.99997457088995,-47.51002956047196,439.3
CH3+,[CH3+],KIDA,True,positive,1,15.02292651609,1,0,0,0,0,False,650.5100709933707,650.5100709933707,C-H,0,xtb_corrected,-15.4,False,1.0,0.0,1.082549619193557,0.0,0.0,0.0,2.958043290117154e-50,436.74179415379933,650.5100709933707,1.0,1.008,686.9653561832204,-35.294576725484774,-34.32794510353246,-33.95997969288448,-44.44930908725999,447.0636824932033,447.0636824932033,-300.0,-300.0,-300.0,-49.528995474517146,
HNCO,N=C=O,KIDA,True,neutral,0,43.00581365,3,1,2,0,0,True,458.6,458.6,N-H,0,literature,0.0,False,1.0,2.0,,0.0,0.0,7.0819564781154975e-289,7.154154443267157e-47,406.9059507870805,564.6672491672037,1.0,1.008,778.5607370076495,-32.22771549318302,-31.224402910572103,-30.835422448735237,-42.06615301552556,460.0,460.0,-300.0,-300.0,-288.14984674650873,-46.145441688574145,458.6
HOCO,O=[C]O,KIDA,True,neutral,0,44.99765427,3,1,1,0,0,True,-34.545016048250545,-34.545016048250545,O-H,1,xtb_corrected,-15.4,True,1.0,0.0,0.9778064811163462,,,,,,,1.0,1.008,824.3584274198644,-21.307804765839354,-20.689256173456,-20.51357047145266,-34.194310494190645,486.4387037767308,324.2924691844872,,,,,359.0
H2CCN,C=C=[N],KIDA,True,neutral,0,40.01872406,3,0,0,0,0,False,394.1,394.1,C-H,0,literature,0.0,False,1.0,2.0,,0.0,0.0,5.815178722237161e-247,2.330086181099051e-44,384.7482078059461,504.84461467207393,1.0,1.008,686.9653561832204,-35.25168942794757,-34.28656560786723,-33.91947075501021,-44.72859558365914,446.5319237054945,446.5319237054945,-300.0,-300.0,-246.23543693323327,-43.63262801576214,394.1
CH2CN+,[CH2+]C#N,KIDA,True,positive,1,40.01817548,3,0,1,0,0,False,543.1922724450551,543.1922724529323,C-H,0,xtb_corrected,-15.4,False,1.0,0.0,1.0809052149865734,0.0,0.0,3.872739085759339e-264,5.5023369168012006e-46,399.0933883861068,543.1922724450551,1.0,1.008,686.9653561832204,-35.30404264023476,-34.33707822509454,-33.968920640820606,-44.38761546713597,447.1810491634885,447.1810491634885,-300.0,-300.0,-263.4119817613232,-45.25945282059341,
H2CCO,C=C=O,KIDA,True,neutral,0,42.01056468,3,0,1,0,0,True,360.2,360.2,C-H,2,literature,0.0,False,1.0,2.0,,0.0,0.0,2.8953865020340887e-244,4.2449637512501074e-44,382.45112686248734,498.8344131618067,1.0,1.008,686.9653561832204,-35.25168942794757,-34.28656560786723,-33.91947075501021,-44.72859558365914,446.5319237054945,446.5319237054945,-300.0,-300.0,-243.5382934545629,-43.372126013947536,360.2
H2CCO+,C=C=[O+],KIDA,True,positive,1,42.0100161,3,0,1,0,0,True,570.7557052277647,570.7557052277647,C-H,0,xtb_corrected,-15.4,False,1.0,2.0,1.0815294923279384,0.0,0.0,9.083670970168073e-292,4.040606105324679e-47,409.093776115859,570.7557052277647,1.0,1.008,686.9653561832204,-35.30044902142561,-34.33361094702808,-33.96552632029215,-44.411038850063875,447.13649238567234,447.13649238567234,-300.0,-300.0,-291.0417386047567,-46.393553484281874,
C2H3,[CH]=C,KIDA,True,neutral,0,27.0234751,2,0,0,0,0,False,418.4,418.3999999999999,C-H,0,literature,0.0,False,1.0,2.0,,2.317579506734419e-36,2.958695057506591e-36,3.4921407281767816e-36,2.2272094809397188e-23,199.74520739944123,136.06839199787768,1.0,1.008,686.9653561832204,-35.25168942794757,-34.28656560786723,-33.91947075501021,-44.72859558365914,446.5319237054945,446.5319237054945,-35.634965358049165,-35.52889979376696,-35.45690826317978,-22.65223893333074,418.4
C2H3+,[CH+]=C,KIDA,True,positive,1,27.02292652,2,0,0,0,0,False,418.4,418.3999999999999,C-H,0,literature,0.0,False,1.0,2.0,,0.0,0.0,4.892208373504726e-285,1.534182793670714e-46,403.9844143389501,556.5878704521192,1.0,1.008,686.9653561832204,-35.25168942794757,-34.28656560786723,-33.91947075501021,-44.72859558365914,446.5319237054945,446.5319237054945,-300.0,-300.0,-284.3104950533659,-45.814122892308156,418.4
C2N2H+,N#C[C+]=N,KIDA,True,positive,1,53.01342445208999,4,1,2,0,0,False,607.4013213938357,607.4013213938357,N-H,0,xtb_corrected,-15.4,False,1.0,2.0,1.0271123999398373,0.0,0.0,2e-323,1.3811972930411542e-48,422.0225018694331,607.4013213938357,1.0,1.008,778.5607370076495,-31.920806094286142,-30.929624100093832,-30.54769130195029,-42.57948748133345,455.72190001504066,455.72190001504066,-300.0,-300.0,-300.0,-47.85974428147987,
t-C3H2,[CH+]=C=[CH-],KIDA,True,neutral,0,38.01565006,3,0,0,0,0,False,543.0,543.0,C-H,0,literature,0.0,False,1.0,2.0,,0.0,0.0,4.352904061629932e-188,4.335375258261779e-41,355.916715245539,432.0174470106172,1.0,1.008,686.9653561832204,-35.25168942794757,-34.28656560786723,-33.91947075501021,-44.72859558365914,446.5319237054945,446.5319237054945,-300.0,-300.0,-187.36122090462388,-40.362973305214545,543.0
c-C3H2,C1=CC=1,KIDA,True,neutral,0,38.01565006,3,0,0,0,0,False,497.0,497.0,C-H,0,literature,0.0,False,1.0,3.0,,0.0,0.0,1.683548676294339e-283,2.0850262720231836e-46,402.8095663376383,553.3552936753422,1.0,1.008,686.9653561832204,-35.25168942794757,-34.28656560786723,-33.91947075501021,-44.72859558365914,446.5319237054945,446.5319237054945,-300.0,-300.0,-282.7737743223763,-45.68088846840111,497.0
c-C3H2+,[c]1c[cH+]1,KIDA,True,positive,1,38.01510148409,3,0,0,0,1,False,508.21503158248834,508.31897979562746,C-H,0,xtb_corrected,-15.4,False,1.0,1.0,1.0823413951375556,0.0,0.0,1.789262088589216e-248,1.6671141897437776e-44,386.03038917394025,508.21503158248834,1.0,1.008,686.9653561832204,-35.29577535319047,-34.32910159102345,-33.96111184681289,-44.44149810351328,447.07854414584466,447.07854414584466,-300.0,-300.0,-247.7473260399294,-43.778034651955345,
HC3N+,[CH+]=[C]C#N,KIDA,True,positive,1,51.010350452089995,4,0,1,0,0,False,551.0,551.0,C-H,0,literature,0.0,False,1.0,2.0,,0.0,0.0,5.609698025128323e-296,1.7680040066037948e-47,412.2590788127098,579.6221504569772,1.0,1.008,686.9653561832204,-35.25168942794757,-34.28656560786723,-33.91947075501021,-44.72859558365914,446.5319237054945,446.5319237054945,-300.0,-300.0,-295.2510527747779,-46.75251675513519,551.0
C4H,[C]#CC#C,KIDA,True,neutral,0,49.00782503,4,0,0,0,0,False,529.5792624015701,529.5792624015701,C-H,0,xtb_corrected,-15.4,False,1.0,2.0,1.0654818151580394,0.0,0.0,4.778411306333073e-258,2.0477269551852412e-45,394.06079282633584,529.5792624015701,1.0,1.008,686.9653561832204,-35.39282797559846,-34.42274218477488,-34.052781630773,-43.80807163247372,448.2818691897719,448.2818691897719,-300.0,-300.0,-257.3207164706634,-44.68872795285338,
C4H-,[C-]#CC#C,KIDA,True,negative,-1,49.00837361,4,0,0,0,0,False,514.224057816569,514.224057816569,C-H,0,xtb_corrected,-15.4,False,1.0,2.0,1.0654818151580394,0.0,0.0,3.6162632014518484e-251,9.202690446652719e-45,388.3058533183587,514.224057816569,1.0,1.008,686.9653561832204,-35.39282797559846,-34.42274218477488,-34.052781630773,-43.80807163247372,448.2818691897719,448.2818691897719,-300.0,-300.0,-250.44173996791508,-44.0360851862068,
C4H+,[C+]#CC#C,KIDA,True,positive,1,49.00727645,4,0,0,0,0,False,644.0278700840703,644.0278700840703,C-H,0,xtb_corrected,-15.4,False,1.0,2.0,1.0654816346254112,0.0,0.0,0.0,5.228722165309574e-50,434.560324376138,644.0278700840703,1.0,1.008,686.9653561832204,-35.39282901485612,-34.4227431874965,-34.05278261238527,-43.80806483934152,448.281882074994,448.281882074994,-300.0,-300.0,-300.0,-49.28160443433761,
CH2NH+,[CH2+][NH],KIDA,True,positive,1,29.02600052,2,0,0,0,0,False,202.44213764843929,288.24975349573634,C-H,2,xtb_corrected,-15.4,False,1.0,1.0,1.0872673001150972,2.23948478216004e-44,4.225830252209967e-44,5.00276428164552e-44,2.3435146450995004e-28,243.6397800942224,202.44213764843929,1.0,1.008,686.9653561832204,-35.267419842780924,-34.30174298119805,-33.934328844649144,-44.62620114037369,446.7269657061277,446.7269657061277,-43.64985188434516,-43.374087952150994,-43.30078995955759,-27.63013232814077,
HCOOH,O=CO,KIDA,True,neutral,0,46.0054793,3,1,1,0,0,True,484.2441413094021,535.622070654701,O-H,0,xtb_corrected,-15.4,True,1.0,0.0,0.9802180996200652,0.0,2.033793337518927e-221,3.5602655728099414e-114,1.2839442718273222e-35,307.6693964530345,322.8294275396014,1.0,1.008,824.3584274198644,-21.286059959928114,-20.668422728530768,-20.493199699937183,-34.261647275401735,485.95638007598694,323.970920050658,-300.0,-220.69169317969994,-113.44851760525631,-34.89145382592691,587.0
CH2OH,[CH2]O,KIDA,True,neutral,0,31.018389716,2,1,1,0,0,True,162.68840686652945,322.42946895550983,O-H,1,xtb_corrected,-15.4,True,1.0,0.0,0.9741227936638612,1.716393420028195e-32,1.944334382569353e-32,2.3727251305503672e-32,5.9715535329059616e-21,178.33246605756267,108.45893791101965,1.0,1.008,824.3584274198644,-21.34102024148296,-20.721079559930473,-20.544686528321655,-34.09127761502246,487.17544126722777,324.7836275114852,-31.765383159049016,-31.711229043927933,-31.62475256991559,-20.22391267004339,402.3
CH2PH,C=P,KIDA,True,neutral,0,45.99723673,2,0,0,0,0,False,508.0219363599504,508.0219363599504,C-H,0,xtb_corrected,-15.4,False,1.0,2.0,1.0996056886523329,0.0,0.0,2.184137278829379e-248,1.6993499530134811e-44,385.9570464931805,508.0219363599504,1.0,1.008,686.9653561832204,-35.196396247025895,-34.23321641787203,-33.86724364303439,-45.08811563293047,445.8463333329251,445.8463333329251,-300.0,-300.0,-247.6607200685477,-43.769717176156,
CH2NH,C=N,KIDA,True,neutral,0,29.026549095999997,2,1,1,0,0,False,470.2593325594729,489.4374378629894,N-H,0,xtb_corrected,-15.4,False,1.0,2.0,1.0267118361738845,0.0,0.0,1.2346890617295246e-217,7.734829376458607e-43,371.33548546831855,470.2593325594729,1.0,1.008,778.5607370076495,-31.92798973578698,-30.93652379123576,-30.554426160489033,-42.56755805417706,455.8220409565289,455.8220409565289,-300.0,-300.0,-216.9084423993091,-42.11154926201372,
CH3O,C[O],KIDA,True,neutral,0,31.018389716,2,0,0,0,0,True,126.42860021961523,126.42860021961523,C-H,3,xtb_corrected,-15.4,True,1.0,1.0,1.1032644949344772,1.0630071352196891e-28,1.137896467658906e-28,1.4509232543090158e-28,1.484964366052688e-18,157.20804858182643,84.28573347974348,1.0,1.008,686.9653561832204,-23.227973688592943,-22.68659440216521,-22.547449598915293,-36.925968503602824,445.58519199752226,297.0567946650148,-27.973463820353338,-27.943897250744016,-27.838355558693607,-17.828283967769238,437.0
CH2SH,[CH2]S,KIDA,True,neutral,0,46.9955461,2,1,1,0,0,False,386.6,386.6,C-H,0,literature,0.0,False,1.0,1.0,,0.0,0.0,1.0592773435916624e-176,1.080865357300865e-39,343.6003565356619,402.63518928091634,1.0,1.008,686.9653561832204,-35.25168942794757,-34.28656560786723,-33.91947075501021,-44.72859558365914,446.5319237054945,446.5319237054945,-300.0,-300.0,-175.97499031654792,-38.96622840246037,386.6
CH4,C,KIDA,True,neutral,0,16.031300127999998,1,0,0,0,0,False,439.3,439.3,C-H,0,literature,0.0,False,1.0,0.0,,0.0,0.0,3.613937145068503e-286,1.2246215832280675e-46,404.8474681787801,558.9685485028735,1.0,1.008,686.9653561832204,-35.25168942794757,-34.28656560786723,-33.91947075501021,-44.72859558365914,446.5319237054945,446.5319237054945,-300.0,-300.0,-285.44201940511965,-45.91199809065053,439.3
CH3CN,CC#N,KIDA,True,neutral,0,41.0265491,3,0,1,0,0,False,489.73420591522034,489.73420591522034,C-H,0,xtb_corrected,-15.4,False,1.0,0.0,1.094039768888072,0.0,0.0,8.885106908964418e-226,1.0600162670281002e-43,378.9465530044993,489.73420591522034,1.0,1.008,686.9653561832204,-35.22843520015831,-34.26412894504596,-33.897506037701504,-44.87987234919314,446.24359178497207,446.24359178497207,-300.0,-300.0,-225.0513373422319,-42.974687469993405,
CH3CN+,C[C+]=[N],KIDA,True,positive,1,41.02600052,3,0,0,0,0,False,385.9169773722921,385.9169773740426,C-H,0,xtb_corrected,-15.4,False,1.0,0.0,1.0938743039808794,0.0,0.0,1.0676427767724037e-157,7.101101908475934e-39,336.39124474398017,385.9169773749178,1.0,1.008,686.9653561832204,-35.2293876665914,-34.26504792483424,-33.898405688333725,-44.873678398334455,446.2554015730545,446.2554015730545,-300.0,-300.0,-156.9715740338504,-38.14867425471203,
CH2CHO,C=C[O],KIDA,True,neutral,0,43.01838972,3,0,0,0,0,True,138.82972039728045,316.79340490269567,C-H,1,xtb_corrected,-15.4,True,1.0,4.0,1.092099982467845,4.7601384504984894e-30,5.1623448740366165e-30,6.473660427122554e-30,2.0787215604524828e-19,164.7378283272362,92.5531469315203,1.0,1.008,686.9653561832204,-23.270558949998087,-22.727674960857833,-22.58782214699811,-36.58496424792816,446.3820408793247,297.58802725288314,-29.322380415470036,-29.287152985478325,-29.188850085053105,-18.682203679431133,
CH3CO+,CC#[O+],KIDA,True,positive,1,43.01784114,3,0,0,0,0,True,356.0,356.0,C-H,3,literature,0.0,False,1.0,0.0,,0.0,0.0,4.0219256437235975e-256,3.112003053786408e-45,392.4579808287217,525.2799778040468,1.0,1.008,686.9653561832204,-35.25168942794757,-34.28656560786723,-33.91947075501021,-44.72859558365914,446.5319237054945,446.5319237054945,-300.0,-300.0,-255.3955659627843,-44.50695998551206,356.0
C2H4,C=C,KIDA,True,neutral,0,28.031300128,2,0,0,0,0,False,464.0,464.0,C-H,0,literature,0.0,False,1.0,2.0,,0.0,0.0,1.690376654494838e-287,9.401673422035551e-47,405.85973457313,561.7672937403049,1.0,1.008,686.9653561832204,-35.25168942794757,-34.28656560786723,-33.91947075501021,-44.72859558365914,446.5319237054945,446.5319237054945,-300.0,-300.0,-286.7720165138817,-46.02679483860524,464.0
C2H4+,[CH+]C,KIDA,True,positive,1,28.03075154809,2,0,0,0,0,False,461.1,461.1,C-H,0,literature,0.0,False,1.0,0.0,,1.0676643401389547e-40,1.6527742711381816e-40,1.924358615003743e-40,4.4266168818735005e-26,223.5684355284505,170.4611807260575,1.0,1.008,686.9653561832204,-35.25168942794757,-34.28656560786723,-33.91947075501021,-44.72859558365914,446.5319237054945,446.5319237054945,-39.97156526241792,-39.78178645646681,-39.71571399154747,-25.35392806403613,461.1
HC3NH+,C#C[C+]=N,KIDA,True,positive,1,52.018175484089994,4,1,1,0,0,False,631.8,647.6852056326147,N-H,0,literature,0.0,False,1.0,2.0,,0.0,0.0,0.0,4.519825728220056e-50,435.1182671676863,645.6826984902076,1.0,1.008,778.5607370076495,-32.22771549318302,-31.224402910572103,-30.835422448735237,-42.06615301552556,460.0,460.0,-300.0,-300.0,-300.0,-49.34487831004071,631.8
HCCCHO,C#CC=O,KIDA,True,neutral,0,54.01056468,4,0,1,0,0,True,385.0,385.0,C-H,0,literature,0.0,False,1.0,2.0,,3.0888306217328774e-242,2.605837363468352e-142,1.4266492978644732e-82,1.0875256642962415e-32,281.85152192579017,270.9226315034677,1.0,1.008,686.9653561832204,-35.25168942794757,-34.28656560786723,-33.91947075501021,-44.72859558365914,446.5319237054945,446.5319237054945,-241.5102059058985,-141.58405269313317,-81.84568277301084,-31.963560485425532,385.0
c-C3H2O,O=c1cc1,KIDA,True,neutral,0,54.01056468,4,0,1,0,1,True,472.0,472.0,C-H,0,literature,0.0,False,1.0,3.0,,0.0,0.0,9.351933399560514e-226,1.0657334643256477e-43,378.9259537437525,489.6809641673712,1.0,1.008,686.9653561832204,-35.25168942794757,-34.28656560786723,-33.91947075501021,-44.72859558365914,446.5319237054945,446.5319237054945,-300.0,-300.0,-225.02909859469335,-42.97235139704146,472.0
CH2CCH,C#C[CH2],KIDA,True,neutral,0,39.0234751,3,0,0,0,0,False,393.0,393.0,C-H,0,literature,0.0,False,1.0,2.0,,0.0,0.0,3.367960453450603e-220,4.120483707245533e-43,373.74720384579217,476.3875699886208,1.0,1.008,686.9653561832204,-35.25168942794757,-34.28656560786723,-33.91947075501021,-44.72859558365914,446.5319237054945,446.5319237054945,-300.0,-300.0,-219.4726330166228,-42.38505179875889,393.0
c-C3H3+,c1c[cH+]1,KIDA,True,positive,1,39.02292651609,3,0,0,0,1,False,427.0,427.0,C-H,0,literature,0.0,False,1.0,3.0,,0.0,0.0,0.0,9.11609981778432e-50,432.4315639029353,637.733585879492,1.0,1.008,686.9653561832204,-35.25168942794757,-34.28656560786723,-33.91947075501021,-44.72859558365914,446.5319237054945,446.5319237054945,-300.0,-300.0,-300.0,-49.0401909281082,427.0
C4H2,C#CC#C,KIDA,True,neutral,0,50.01565006,4,0,0,0,0,False,539.0,539.0,C-H,0,literature,0.0,False,1.0,2.0,,0.0,0.0,2e-323,1.3851744013287838e-48,422.0114906168745,607.3696256332018,1.0,1.008,686.9653561832204,-35.25168942794757,-34.28656560786723,-33.91947075501021,-44.72859558365914,446.5319237054945,446.5319237054945,-300.0,-300.0,-300.0,-47.858495543013696,539.0
C4H2+,C#C[C]=[CH+],KIDA,True,positive,1,50.01510148409,4,0,0,0,0,False,627.8848745517328,627.8877400316221,C-H,0,xtb_corrected,-15.4,False,1.0,2.0,1.06482405603339,0.0,0.0,0.0,2.1875281669958748e-49,429.07948649571074,627.8848745517328,1.0,1.008,686.9653561832204,-35.39661444709985,-34.426395539473425,-34.05635807409465,-43.78331981251629,448.3288156753026,448.3288156753026,-300.0,-300.0,-300.0,-48.66004634621782,
C5H,[C-]#C[C]=C=[CH+],KIDA,True,neutral,0,61.00782503,5,0,0,0,0,False,427.0,427.0,C-H,0,literature,0.0,False,1.0,2.0,,0.0,0.0,6.836225448925638e-191,1.9930654855572656e-41,358.89280214197606,439.2724976954865,1.0,1.008,686.9653561832204,-35.25168942794757,-34.28656560786723,-33.91947075501021,-44.72859558365914,446.5319237054945,446.5319237054945,-300.0,-300.0,-190.16518362330504,-40.70047843158103,427.0
C5H-,[C-]#C[C-]=C=[CH+],KIDA,True,negative,-1,61.00837361,5,0,0,0,0,False,365.1738778887912,365.1738778887912,C-H,1,xtb_corrected,-15.4,False,1.0,2.0,1.0655965041158029,0.0,2.7215549575e-314,2.4668492594903495e-150,7.775609242604214e-38,327.22584156343316,365.1738778887912,1.0,1.008,686.9653561832204,-35.392167754959765,-34.422105174802084,-34.05215803114032,-43.81238713569061,448.2736834523273,448.2736834523273,-300.0,-300.0,-149.60785738791265,-37.10926557267603,
C5H+,[C+]#C[C-]=C=[CH+],KIDA,True,positive,1,61.00727645,5,0,0,0,0,False,662.4473994263228,662.4473994263228,C-H,0,xtb_corrected,-15.4,False,1.0,2.0,1.0655962514998576,0.0,0.0,0.0,1.0438163457862229e-50,440.73084015858416,662.4473994263228,1.0,1.008,686.9653561832204,-35.39216920917335,-34.42210657789145,-34.0521594046919,-43.81237763038482,448.2737014823786,448.2737014823786,-300.0,-300.0,-300.0,-49.98137590653289,
CH2NH2,[CH2]N,KIDA,True,neutral,0,30.034374127999996,2,1,1,0,0,False,342.3314699175289,380.16573495876446,C-H,2,xtb_corrected,-15.4,False,1.0,1.0,1.0864897090883845,2.6917176704644948e-42,4.526503872596999e-42,5.2898087862326865e-42,4.5213925623607526e-27,232.30520968242823,184.0443186890876,1.0,1.008,686.9653561832204,-35.27189595479116,-34.306061724984914,-33.93855673076161,-44.59705541457938,446.78246499837064,446.78246499837064,-41.56997049444416,-41.344237103737804,-41.27656002637406,-26.344727784435356,418.0
CH3CO,C[C]=O,KIDA,True,neutral,0,43.01838972,3,0,1,0,0,True,362.0,362.0,C-H,3,literature,0.0,False,1.0,0.0,,1.50299367210264e-32,1.7048795030420666e-32,2.0792739932403955e-32,5.492615769130777e-21,178.652627393135,108.84872143847431,1.0,1.008,686.9653561832204,-35.25168942794757,-34.28656560786723,-33.91947075501021,-44.72859558365914,446.5319237054945,446.5319237054945,-31.823042847873964,-31.768306310520867,-31.682088278387663,-20.26022078058591,362.0
CH3CS+,CC#[S+],KIDA,True,positive,1,58.994997516089995,3,0,0,0,0,False,445.42878910935815,445.42878910935815,C-H,0,xtb_corrected,-15.4,False,1.0,0.0,1.0939859145560171,0.0,0.0,3.156862370579329e-207,1.0358825227111572e-41,361.3989472441039,445.42878910935815,1.0,1.008,686.9653561832204,-35.22874520207296,-34.26442804796747,-33.897798849519674,-44.87785640704275,446.2474355501528,446.2474355501528,-300.0,-300.0,-206.50074435158922,-40.98468949423481,
CH3NH,C[NH],KIDA,True,neutral,0,30.034374127999996,2,0,0,0,0,False,388.0,408.86192780364433,C-H,0,literature,0.0,False,1.0,1.0,,4.4637430641212265e-39,6.391169534823869e-39,7.451538815281523e-39,4.50556972025344e-25,214.6828323239017,157.1806749981586,1.0,1.008,686.9653561832204,-35.25168942794757,-34.28656560786723,-33.91947075501021,-44.72859558365914,446.5319237054945,446.5319237054945,-38.35030081161657,-38.19441966202241,-38.127754031952975,-24.34625028554655,388.0
CH3O2+,OC=[OH+],KIDA,True,positive,1,47.012755756089994,3,1,0,0,0,True,545.3620166338355,571.2268705570731,C-H,0,xtb_corrected,-15.4,True,1.0,5.0,1.0999965174493496,0.0,5.291577915e-313,9.144338804331266e-150,9.377338440347816e-38,326.5085479419889,363.5746777558904,1.0,1.008,686.9653561832204,-23.24043872664955,-22.69861899976592,-22.55926707443156,-36.82622493631227,445.8184385644962,297.2122923763308,-300.0,-299.9999999999998,-149.03884769139168,-37.02792040945609,
CH3SH,CS,KIDA,True,neutral,0,48.00337113,2,1,1,0,0,False,401.0,401.0,C-H,0,literature,0.0,False,1.0,1.0,,0.0,0.0,2.1021609637100304e-223,1.8851131526162397e-43,376.7418581677991,484.0522774201109,1.0,1.008,686.9653561832204,-35.25168942794757,-34.28656560786723,-33.91947075501021,-44.72859558365914,446.5319237054945,446.5319237054945,-300.0,-300.0,-222.67733403284888,-42.724662576449184,401.0
CH2NH2+,[CH2+]N,KIDA,True,positive,1,30.03382555,2,1,1,0,0,False,535.3256140766719,555.6811899413343,N-H,0,xtb_corrected,-15.4,False,1.0,0.0,1.0192653481215364,0.0,0.0,1.280011959385745e-260,1.1734707719205565e-45,396.1929593372339,535.3256140766719,1.0,1.008,778.5607370076495,-32.06153757537733,-31.064792987151407,-30.679629901625457,-42.34503271059051,457.6836629696159,457.6836629696159,-300.0,-300.0,-259.8927859726404,-44.930527723067264,
CH3OH,CO,KIDA,True,neutral,0,32.02621475,2,1,1,0,0,True,437.0,483.0096207287919,O-H,0,literature,0.0,True,1.0,0.0,,0.0,1.7907547308772328e-257,1.016755198919207e-127,4.0192277418776016e-36,312.11717725497056,332.2307739799814,1.0,1.008,824.3584274198644,-21.46837336808709,-20.84309550639723,-20.663983925227992,-33.69427771976918,490.0,326.6666666666667,-300.0,-256.7469638928338,-126.99278359826329,-35.39585738464188,437.0
CH3NCO,CN=C=O,KIDA,True,neutral,0,57.02146372,4,0,2,0,0,True,377.0,377.0,C-H,3,literature,0.0,False,1.0,1.0,,0.0,0.0,7.789774938247981e-218,7.363046405789555e-43,371.52412859773216,470.7372493156517,1.0,1.008,686.9653561832204,-35.25168942794757,-34.28656560786723,-33.91947075501021,-44.72859558365914,446.5319237054945,446.5319237054945,-300.0,-300.0,-217.10847508975863,-42.13294246236252,377.0
CH3NCO+,C[N+]=C=O,KIDA,True,positive,1,57.02091514,4,0,2,0,0,True,335.0,335.0,C-H,3,literature,0.0,False,1.0,1.0,,1.0303522922684509e-230,5.408253711684189e-136,2.227295532014478e-79,7.544795696559665e-32,274.4338330677683,256.85014774895154,1.0,1.008,686.9653561832204,-35.25168942794757,-34.28656560786723,-33.91947075501021,-44.72859558365914,446.5319237054945,446.5319237054945,-229.98701425837345,-135.266942942991,-78.65222215413448,-31.122352515869583,335.0
CH3CNH+,C[C+]=N,KIDA,True,positive,1,42.03382555,3,1,1,0,0,False,505.2604972589696,542.4903783553751,C-H,0,xtb_corrected,-15.4,False,1.0,0.0,1.093931680316579,0.0,0.0,3.78428615406623e-247,2.235649762034093e-44,384.90664976558367,505.2604972589696,1.0,1.008,686.9653561832204,-35.22905739088255,-34.26472926089862,-33.898093726956304,-44.87582622365571,446.25130643060373,446.25130643060373,-300.0,-300.0,-246.42201603124667,-43.65059623223904,
CH3CHO,CC=O,KIDA,True,neutral,0,44.02621475,3,0,1,0,0,True,372.0,372.0,C-H,4,literature,0.0,False,1.0,0.0,,0.0,0.0,3.112088897972557e-226,9.49462719364313e-44,379.3683539026495,490.8250473109685,1.0,1.008,686.9653561832204,-35.25168942794757,-34.28656560786723,-33.91947075501021,-44.72859558365914,446.5319237054945,446.5319237054945,-300.0,-300.0,-225.50694800572236,-43.022522083156794,372.0
C2H4O+,CC=[O+],KIDA,True,positive,1,44.02566617,3,0,1,0,0,True,461.0,461.0,C-H,0,literature,0.0,False,1.0,0.0,,8.317591056827005e-32,9.283322308038327e-32,1.1411141022170724e-31,1.6141869695527018e-20,174.52430981723606,103.87627685929786,1.0,1.008,686.9653561832204,-35.25168942794757,-34.28656560786723,-33.91947075501021,-44.72859558365914,446.5319237054945,446.5319237054945,-31.08000243599433,-31.03229657099745,-30.94267092746113,-19.792046162834396,461.0
C2H5,[CH2]C,KIDA,True,neutral,0,29.03912516,2,0,0,0,0,False,420.5,420.5,C-H,0,literature,0.0,False,1.0,0.0,,1.2272381793517622e-40,1.8940613514710663e-40,2.205209033277847e-40,4.826383930084567e-26,223.237323948624,169.95663834904798,1.0,1.008,686.9653561832204,-35.25168942794757,-34.28656560786723,-33.91947075501021,-44.72859558365914,446.5319237054945,446.5319237054945,-39.9110711422935,-39.72260595765914,-39.656550237172866,-25.316378133715027,420.5
C3H2CN,C=C=C=C=[N],KIDA,True,neutral,0,64.01872406,5,0,0,0,0,False,449.3382531194826,449.3382531194826,C-H,0,xtb_corrected,-15.4,False,1.0,2.0,1.083935410709732,0.0,0.0,7.22156227564935e-209,6.852437565161846e-42,362.9814555935976,449.3382531194826,1.0,1.008,686.9653561832204,-35.28659952250701,-34.320248355907324,-33.952444887867344,-44.50128589743257,446.96477388224736,446.96477388224736,-300.0,-300.0,-208.14136883923118,-41.164154912771934,
CH2CHCN,C=CC#N,KIDA,True,neutral,0,53.0265491,4,0,1,0,0,False,390.0,390.0,C-H,0,literature,0.0,False,1.0,2.0,,0.0,0.0,2.6238885860489507e-224,1.5135785970268225e-43,377.5824902653503,486.2148396402838,1.0,1.008,686.9653561832204,-35.25168942794757,-34.28656560786723,-33.91947075501021,-44.72859558365914,446.5319237054945,446.5319237054945,-300.0,-300.0,-223.58105460965135,-42.81999502210168,390.0
C3H3N+,[CH2+][CH]C#N,KIDA,True,positive,1,53.026000516089994,4,0,1,0,0,False,311.8638722831675,346.5071970515324,C-H,3,xtb_corrected,-15.4,False,1.0,1.0,1.0827552312172652,0.0,1.3370162701682107e-214,5.1649223399715726e-111,5.084461672040605e-35,302.398947387211,311.8638722831675,1.0,1.008,686.9653561832204,-35.2933931342374,-34.32680312387863,-33.95886174137883,-44.457021796472056,447.0490072701099,447.0490072701099,-300.0,-213.8738633077707,-110.28693620416864,-34.29375502213916,
CH2CCH2,C=C=C,KIDA,True,neutral,0,40.03130013,3,0,0,0,0,False,381.6,381.6,C-H,0,literature,0.0,False,1.0,2.0,,0.0,0.0,1.677116305104153e-210,4.547680347176953e-42,364.5515283903216,453.23387676697314,1.0,1.008,686.9653561832204,-35.25168942794757,-34.28656560786723,-33.91947075501021,-44.72859558365914,446.5319237054945,446.5319237054945,-300.0,-300.0,-209.7754368187812,-41.342210069124135,381.6
CH3CCH,C#CC,KIDA,True,neutral,0,40.03130013,3,0,0,0,0,False,416.0,416.0,C-H,0,literature,0.0,False,1.0,2.0,,0.0,0.0,3.6135088942141077e-219,5.304929390693741e-43,372.7796031323388,473.9241066462398,1.0,1.008,686.9653561832204,-35.25168942794757,-34.28656560786723,-33.91947075501021,-44.72859558365914,446.5319237054945,446.5319237054945,-300.0,-300.0,-218.44207087198143,-42.27532039224071,416.0
C3H4+,C=[C][CH2+],KIDA,True,positive,1,40.030751548089995,3,0,0,0,0,False,436.0,436.0,C-H,0,literature,0.0,False,1.0,2.0,,0.0,1.58673866e-316,2.5463263859363126e-151,5.624714667157635e-38,328.46593768849556,367.9469400572671,1.0,1.008,686.9653561832204,-35.25168942794757,-34.28656560786723,-33.91947075501021,-44.72859558365914,446.5319237054945,446.5319237054945,-300.0,-300.0,-150.59408592961944,-37.24989950372718,436.0
C4H3,[CH]=CC#C,KIDA,True,neutral,0,51.0234751,4,0,0,0,0,False,364.0,364.0,C-H,3,literature,0.0,False,1.0,2.0,,6.758033474978502e-36,8.47943426551762e-36,1.0039960252712616e-35,4.350518314179666e-23,197.18113863314895,132.59747593329254,1.0,1.008,686.9653561832204,-35.25168942794757,-34.28656560786723,-33.91947075501021,-44.72859558365914,446.5319237054945,446.5319237054945,-35.17017966133851,-35.071633122219694,-34.99826800651986,-22.361458998774445,364.0
C4H3+,C#C[C+]=C,KIDA,True,positive,1,51.02292651609,4,0,0,0,0,False,472.738412026662,534.7211110994292,C-H,0,xtb_corrected,-15.4,False,1.0,2.0,1.0833704806563214,0.0,0.0,1.1325292043508343e-218,5.992338250443562e-43,372.3129887854424,472.7384120240363,1.0,1.008,686.9653561832204,-35.28985149662733,-34.323385999946865,-33.95551651548938,-44.4800986810911,447.0050948441077,447.0050948441077,-300.0,-300.0,-217.94595059008788,-42.22240367992892,
C4N2H+,N#CC#CC#[NH+],KIDA,True,positive,1,77.01342445208999,6,1,1,0,0,False,592.2476474215559,592.2476474215559,N-H,0,xtb_corrected,-15.4,False,1.0,2.0,1.0191940837974565,0.0,0.0,5.742893569776495e-302,5.508557236074107e-48,416.72486418073703,592.2476474215559,1.0,1.008,778.5607370076495,-32.06281568871388,-31.066020582842132,-30.68082814928498,-42.342896167443406,457.7014790506359,457.7014790506359,-300.0,-300.0,-299.97574880964686,-47.25896213371807,
C5H2,[C-]#CC#C[CH2+],KIDA,True,neutral,0,62.01565006,5,0,0,0,0,False,531.0,531.0,C-H,0,literature,0.0,False,1.0,0.0,,0.0,0.0,1.3524752902014933e-178,6.286877839498209e-40,345.67553123690635,407.51330689672915,1.0,1.008,686.9653561832204,-35.25168942794757,-34.28656560786723,-33.91947075501021,-44.72859558365914,446.5319237054945,446.5319237054945,-300.0,-300.0,-177.86887066073317,-39.20156497835623,531.0
C5H2+,[C+]#C[C]=C=C,KIDA,True,positive,1,62.01510148409,5,0,0,0,0,False,349.6491527398098,349.6491527398098,C-H,2,xtb_corrected,-15.4,False,1.0,2.0,1.0843354752402794,0.0,6.656584797208002e-270,2.5183675099571454e-133,4.876619784319751e-37,320.1945840090921,349.6491527398098,1.0,1.008,686.9653561832204,-35.284296585560455,-34.31802638369146,-33.950269665511634,-44.51628865373336,446.9362199283897,446.9362199283897,-300.0,-269.1767485312119,-132.59888089221863,-36.31188110375001,
HC5N+,[CH+]=[C]C#CC#N,KIDA,True,positive,1,75.01035045,6,0,1,0,0,False,561.49,561.49,C-H,0,literature,0.0,False,1.0,2.0,,0.0,0.0,0.0,2.201582858370883e-49,429.0549605494669,627.8130974985169,1.0,1.008,686.9653561832204,-35.25168942794757,-34.28656560786723,-33.91947075501021,-44.72859558365914,446.5319237054945,446.5319237054945,-300.0,-300.0,-300.0,-48.657264964868965,561.49
C6H,[C]#CC#CC#C,KIDA,True,neutral,0,73.00782503,6,0,0,0,0,False,405.0,405.0,C-H,0,literature,0.0,False,1.0,2.0,,0.0,0.0,7.256836983946053e-291,4.827740509057611e-47,408.4121752444259,568.8553903137038,1.0,1.008,686.9653561832204,-35.25168942794757,-34.28656560786723,-33.91947075501021,-44.72859558365914,446.5319237054945,446.5319237054945,-300.0,-300.0,-290.1392526326486,-46.31625608126587,405.0
C6H-,[C-]#CC#CC#C,KIDA,True,negative,-1,73.00837361,6,0,0,0,0,False,495.4684206179665,495.4684206179665,C-H,0,xtb_corrected,-15.4,False,1.0,2.0,1.0652239016529217,0.0,0.0,9.394233826749887e-243,5.949124389923094e-44,381.1586071452593,495.4684206179665,1.0,1.008,686.9653561832204,-35.39431268592325,-34.424174698756396,-34.05418398728257,-43.798366564197856,448.3002773458619,448.3002773458619,-300.0,-300.0,-242.0271386342312,-43.225546950340046,
C6H+,[C+]#CC#CC#C,KIDA,True,positive,1,73.00727645,6,0,0,0,0,False,680.8339936275333,680.8339936275333,C-H,0,xtb_corrected,-15.4,False,1.0,2.0,1.0652240465015836,0.0,0.0,0.0,2.1366878698308865e-51,446.8053425469433,680.8339936301591,1.0,1.008,686.9653561832204,-35.3943118520842,-34.42417389423169,-34.05418319969489,-43.798372014858565,448.3002670075247,448.3002670075247,-300.0,-300.0,-300.0,-50.67025891551058,
CH3CHS,CC=S,KIDA,True,neutral,0,60.00337113,3,0,1,0,0,False,392.43929035553185,412.1142468215298,C-H,0,xtb_corrected,-15.4,False,1.0,0.0,1.0930317144585535,0.0,0.0,5.239170328820498e-160,3.3908183397042964e-39,339.22197819720895,392.43929035553185,1.0,1.008,686.9653561832204,-35.234237873388395,-34.26972760909054,-33.902986941922684,-44.84213431209171,446.3155400269897,446.3155400269897,-300.0,-300.0,-159.28073748212768,-38.46969547656733,
CH3SH2+,C[SH2+],KIDA,True,positive,1,49.010647580089994,2,0,0,0,0,False,397.0,397.0,C-H,0,literature,0.0,False,1.0,1.0,,0.0,0.0,1.1997509929713891e-261,9.40049381309803e-46,397.0423137796205,537.6233255739065,1.0,1.008,686.9653561832204,-35.25168942794757,-34.28656560786723,-33.91947075501021,-44.72859558365914,446.5319237054945,446.5319237054945,-300.0,-300.0,-260.92090888195247,-45.02684933207364,397.0
CH3NH2,CN,KIDA,True,neutral,0,31.04219916,2,1,1,0,0,False,388.0,435.55250693406504,C-H,0,literature,0.0,False,1.0,1.0,,0.0,0.0,1.0215829511642752e-221,2.8429452106585338e-43,375.1684706326529,480.0176236442337,1.0,1.008,686.9653561832204,-35.25168942794757,-34.28656560786723,-33.91947075501021,-44.72859558365914,446.5319237054945,446.5319237054945,-300.0,-300.0,-220.99072636347083,-42.54623150996765,388.0
CH3OH2+,C[OH2+],KIDA,True,positive,1,33.0334912,2,0,0,0,0,True,397.0,438.536818207856,C-H,0,literature,0.0,True,1.0,1.0,,0.0,1.16012278239352e-258,2.9548107967523287e-128,3.2780544468357453e-36,312.89779477790574,333.89469701309326,1.0,1.008,686.9653561832204,-23.278569154719595,-22.735402136356928,-22.595416019763583,-36.520745363756674,446.5319237054945,297.68794913699634,-300.0,-257.93549604448503,-127.52947032275468,-35.48438383729269,397.0
C2H3NH2,C=CN,KIDA,True,neutral,0,43.04219916,3,1,1,0,0,False,392.0,419.2746505799153,C-H,0,literature,0.0,False,1.0,2.0,,0.0,0.0,2.04160762680647e-213,2.1973314487833048e-42,367.3370536762113,460.1866264497883,1.0,1.008,686.9653561832204,-35.25168942794757,-34.28656560786723,-33.91947075501021,-44.72859558365914,446.5319237054945,446.5319237054945,-300.0,-300.0,-212.69002772056777,-41.65810442850483,392.0
CH3NCOH+,CN[C+]=O,KIDA,True,positive,1,58.02874016809,4,1,1,1,0,True,460.4801940910393,496.1227750049437,N-H,0,xtb_corrected,-15.4,False,1.0,1.0,1.0132907452970177,0.0,0.0,1.5380125203034232e-213,2.131131239237558e-42,367.4542028128904,460.4801936893394,1.0,1.008,778.5607370076495,-32.16869332461725,-31.167713476779827,-30.780089216850797,-42.16545540214353,459.1773136757456,459.1773136757456,-300.0,-300.0,-212.8130401291142,-41.6713898047571,
CH3CHOH+,CC[O+],KIDA,True,positive,1,45.0334912,3,0,0,0,0,True,381.53643825729085,423.16596398185845,C-H,0,xtb_corrected,-15.4,True,1.0,2.0,1.1012270662314176,2.5925639661307554e-187,5.343531129880174e-115,7.924387344799142e-72,1.0691601830437996e-31,273.0988443190537,254.3573206002945,1.0,1.008,686.9653561832204,-23.23574503365717,-22.694091153806607,-22.55481723150444,-36.86379014410895,445.73061015067833,297.15374010045224,-186.58627051949247,-114.27217165619105,-71.1010343042595,-30.970957223322117,
C2H6,CC,KIDA,True,neutral,0,30.04695019,2,0,0,0,0,False,423.0,423.0,C-H,0,literature,0.0,False,1.0,0.0,,0.0,0.0,5.119150876531557e-258,2.061063276854177e-45,394.0359327098934,529.5124453668102,1.0,1.008,686.9653561832204,-35.25168942794757,-34.28656560786723,-33.91947075501021,-44.72859558365914,446.5319237054945,446.5319237054945,-300.0,-300.0,-257.290802070317,-44.6859086747095,423.0
C3H3NH+,C=C[C+]=N,KIDA,True,positive,1,54.03382554808999,4,1,1,1,0,False,460.14657788932374,559.9481477688961,C-H,0,xtb_corrected,-15.4,False,1.0,3.0,1.0850564197247192,0.0,0.0,2.1220421149453695e-213,2.206522174645505e-42,367.3210692478914,460.14657788932374,1.0,1.008,686.9653561832204,-35.28014653532542,-34.314022237606544,-33.946349764390355,-44.54332191412617,446.884763690781,446.884763690781,-300.0,-300.0,-212.67324600115717,-41.65629170371292,632.0
C2H3CHO,C=CC=O,KIDA,True,neutral,0,56.02621475,4,0,1,1,0,True,402.9213287656746,493.8053821387783,C-H,0,xtb_corrected,-15.4,True,1.0,4.0,1.102575266942572,2.3881174991285027e-240,2.819793165134675e-141,4.74451893534165e-82,1.4890337142700547e-32,280.64818687817854,268.6142191771164,1.0,1.008,686.9653561832204,-23.230602599239106,-22.68913042256,-22.5499419448464,-36.904937207006995,445.63438452216656,297.08958968144435,-239.62194430904697,-140.5497827464803,-81.32380781575893,-31.82709546896664,
C3H5,[CH2]C=C,KIDA,True,neutral,0,41.03912516,3,0,0,0,0,False,422.584,422.584,C-H,0,literature,0.0,False,1.0,0.0,,1.4609732143534037e-184,1.9025710967697577e-113,5.380691951672559e-71,1.9314562000385696e-31,270.83403614019977,250.156044204933,1.0,1.008,686.9653561832204,-35.25168942794757,-34.28656560786723,-33.91947075501021,-44.72859558365914,446.5319237054945,446.5319237054945,-183.8353577463964,-112.72065910519714,-70.2691618709006,-30.714115135977476,422.584
C3H5+,C=C[CH2+],KIDA,True,positive,1,41.038576580089995,3,0,0,0,0,False,367.53868885894485,367.5402052579509,C-H,5,xtb_corrected,-15.4,False,1.0,2.0,1.0854101145073365,0.0,3.38380857e-316,3.5568963247778806e-151,5.898903960259753e-38,328.28366435632995,367.53868885894485,1.0,1.008,686.9653561832204,-35.278110526132494,-34.31205780887116,-33.944426665422924,-44.5565831098672,446.85951930211024,446.85951930211024,-300.0,-300.0,-150.44892879329976,-37.22922867449855,
C4H2CN,[CH]=CC#CC#N,KIDA,True,neutral,0,76.01872406,6,0,1,0,0,False,132.94822358814642,261.3830846245063,C-H,1,xtb_corrected,-15.4,False,1.0,3.0,1.0841177039748398,6.061717147862904e-36,7.618886278140181e-36,9.018029450270488e-36,4.06429478065928e-23,197.441758775818,132.94822358814642,1.0,1.008,686.9653561832204,-35.2855501668376,-34.31923589259907,-33.951453726661704,-44.508122183923376,446.951762997545,446.951762997545,-35.21740433256561,-35.11810850879276,-35.04488835074723,-22.39101480048523,
C4H4,C#CC=C,KIDA,True,neutral,0,52.03130013,4,0,0,0,0,False,381.5808,381.5808,C-H,0,literature,0.0,False,1.0,2.0,,0.0,0.0,6.532181537220541e-222,2.7113631298738243e-43,375.3499501310213,480.482131906272,1.0,1.008,686.9653561832204,-35.25168942794757,-34.28656560786723,-33.91947075501021,-44.72859558365914,446.5319237054945,446.5319237054945,-300.0,-300.0,-221.18494175419906,-42.566812313943196,381.5808
C4H4,C#CC=C,KIDA,True,neutral,0,52.03130013,4,0,0,0,0,False,381.5808,381.5808,C-H,0,literature,0.0,False,1.0,2.0,,0.0,0.0,6.532181537220541e-222,2.7113631298738243e-43,375.3499501310213,480.482131906272,1.0,1.008,686.9653561832204,-35.25168942794757,-34.28656560786723,-33.91947075501021,-44.72859558365914,446.5319237054945,446.5319237054945,-300.0,-300.0,-221.18494175419906,-42.566812313943196,381.5808
C4H4+,[CH+]=[C]C=C,KIDA,True,positive,1,52.030751548089995,4,0,0,1,0,False,264.0752584159208,342.6268403524469,C-H,3,xtb_corrected,-15.4,False,1.0,3.0,1.0858581811198773,1.239119278345993e-236,3.062646947342075e-139,5.064834089387227e-81,2.7730164217310697e-32,278.26693105459617,264.07525841066933,1.0,1.008,686.9653561832204,-35.27553127678204,-34.30956923887041,-33.94199045197782,-44.57338139114832,446.8275392778823,446.8275392778823,-235.90688688617104,-138.51390306445967,-80.29543477641303,-31.557047558533906,
HC5NH+,C#CC#CC#N,KIDA,True,neutral,0,75.01089903,6,0,1,0,0,False,610.7048135032207,610.7048135032207,C-H,0,xtb_corrected,-15.4,False,1.0,2.0,1.0652324268420104,0.0,0.0,0.0,1.0239625493374564e-48,423.1685790134989,610.7048135032207,1.0,1.008,686.9653561832204,-35.394263609628155,-34.42412734778274,-34.05413763315166,-43.798687367146954,448.29966887438474,448.29966887438474,-300.0,-300.0,-300.0,-47.98971592706479,
C5H3,C#C[C]=C=C,KIDA,True,neutral,0,63.0234751,5,0,0,0,0,False,443.373072126287,458.57084998970623,C-H,0,xtb_corrected,-15.4,False,1.0,2.0,1.0838022200448356,0.0,0.0,2.302776550347499e-206,1.288234579651146e-41,360.56402913619235,443.373072126287,1.0,1.008,686.9653561832204,-35.28736622346905,-34.320988101852,-33.953169069571764,-44.49629089260988,446.9742801488851,446.9742801488851,-300.0,-300.0,-205.63774820170542,-40.89000504740172,
C5H3+,C#C[C+]=C=C,KIDA,True,positive,1,63.02292651609,5,0,0,0,0,False,460.2956333004255,523.2065371618102,C-H,0,xtb_corrected,-15.4,False,1.0,2.0,1.083802120244516,0.0,0.0,1.8377865087787363e-213,2.1725109566136506e-42,367.380557639677,460.2956333004255,1.0,1.008,686.9653561832204,-35.28736679796138,-34.3209886561468,-33.95316961220418,-44.49628714978649,446.9742872719703,446.9742872719703,-300.0,-300.0,-212.73570494096109,-41.663038024598585,
C6H2,C#CC#CC#C,KIDA,True,neutral,0,74.01565006,6,0,0,0,0,False,530.5312,530.5312,C-H,0,literature,0.0,False,1.0,2.0,,0.0,0.0,1.155392042023153e-304,3.27105498680241e-48,418.72079633268606,597.934454542003,1.0,1.008,686.9653561832204,-35.25168942794757,-34.28656560786723,-33.91947075501021,-44.72859558365914,446.5319237054945,446.5319237054945,-300.0,-300.0,-299.9999498248597,-47.48531215527454,530.5312
C6H2,C#CC#CC#C,KIDA,True,neutral,0,74.01565006,6,0,0,0,0,False,530.5312,530.5312,C-H,0,literature,0.0,False,1.0,2.0,,0.0,0.0,1.155392042023153e-304,3.27105498680241e-48,418.72079633268606,597.934454542003,1.0,1.008,686.9653561832204,-35.25168942794757,-34.28656560786723,-33.91947075501021,-44.72859558365914,446.5319237054945,446.5319237054945,-300.0,-300.0,-299.9999498248597,-47.48531215527454,530.5312
C6H2+,C#CC#C[C]=[CH+],KIDA,True,positive,1,74.01510148,6,0,0,0,0,False,625.7408124946074,625.7410483275189,C-H,0,xtb_corrected,-15.4,False,1.0,2.0,1.0649323128285553,0.0,0.0,0.0,2.6491426427839547e-49,428.34626310221125,625.7408124946074,1.0,1.008,686.9653561832204,-35.39599125318326,-34.425794254486696,-34.05576944762393,-43.78739377530864,448.3210890229805,448.3210890229805,-300.0,-300.0,-300.0,-48.576894656536254,
C7H,[C+]#C[C]=C=C=C=[CH-],KIDA,True,neutral,0,85.00782503,7,0,0,0,0,False,457.3279484748996,457.3279484748996,C-H,0,xtb_corrected,-15.4,False,1.0,2.0,1.0652615822159262,0.0,0.0,3.221427439375963e-212,2.9613323569326916e-42,366.1943279088429,457.3279484748996,1.0,1.008,686.9653561832204,-35.39409577315364,-34.4239654117511,-34.05397910622971,-43.79978448040541,448.29758795708784,448.29758795708784,-300.0,-300.0,-211.49195164641714,-41.52851284803733,
C7H-,[C-]#C[C-]=C=C=C=[CH+],KIDA,True,negative,-1,85.00837361,7,0,0,0,0,False,390.40677916402257,390.40677916402257,C-H,0,xtb_corrected,-15.4,False,1.0,2.0,1.065261909842005,0.0,0.0,2.74501340867773e-159,4.2663301593480326e-39,338.34239308972036,390.40677916402257,1.0,1.008,686.9653561832204,-35.394093887134105,-34.423963592036294,-34.05397732482389,-43.7997968089029,448.2975645733104,448.2975645733104,-300.0,-300.0,-158.56145552979294,-38.36994553875187,
C7H+,[C+]#C[C-]=C=C=C=[CH+],KIDA,True,positive,1,85.00727645,7,0,0,0,0,False,651.840677588603,651.840677588603,C-H,0,xtb_corrected,-15.4,False,1.0,2.0,1.0652618701564214,0.0,0.0,0.0,2.632540552066715e-50,437.1882396970335,651.8406775938544,1.0,1.008,686.9653561832204,-35.394094115589034,-34.423963812459675,-34.05397754060687,-43.79979531554313,448.2975674058043,448.2975674058043,-300.0,-300.0,-300.0,-49.57962493015077,
CH3C3N,CC#CC#N,KIDA,True,neutral,0,65.0265491,5,0,1,0,0,False,453.5889428179725,453.5889428188478,C-H,0,xtb_corrected,-15.4,False,1.0,0.0,1.0941568520092368,0.0,0.0,1.1903182937137012e-210,4.381262127985893e-42,364.69429632663827,453.5889428179725,1.0,1.008,686.9653561832204,-35.2277612342142,-34.2634786742826,-33.89686944420166,-44.88425508126715,446.23523516801663,446.23523516801663,-300.0,-300.0,-209.924336891784,-41.35840076249581,
CH3CHSH+,C[CH+]S,KIDA,True,positive,1,61.010647580089994,3,1,1,0,0,False,425.3236676397083,445.96485229155945,C-H,0,xtb_corrected,-15.4,False,1.0,0.0,1.0940333145430243,0.0,0.0,1.691963582351109e-185,8.931904968983756e-41,353.14862260152034,425.3236676397083,1.0,1.008,686.9653561832204,-35.22847235332973,-34.26416479199262,-33.89754113067133,-44.87963074319186,446.2440524533308,446.2440524533308,-300.0,-300.0,-184.77160898890585,-40.04905590625281,
CH3COCN,CC(=O)C#N,KIDA,True,neutral,0,69.02146372,5,0,2,0,0,True,491.9838041010144,491.98380410364007,C-H,0,xtb_corrected,-15.4,False,1.0,0.0,1.093801665588662,0.0,0.0,1.0212485922549558e-226,8.447405149475423e-44,379.81590289293166,491.9838041010144,1.0,1.008,686.9653561832204,-35.229805795410456,-34.26545135315826,-33.89880063120616,-44.87095922096694,446.2605860199157,446.2605860199157,-300.0,-300.0,-225.99086852911444,-43.07327667594143,
CH3OCH2,[CH2]OC,KIDA,True,neutral,0,45.03403978,3,0,1,0,0,True,292.6383349644487,317.8795048775326,C-H,5,xtb_corrected,-15.4,True,1.0,1.0,1.0938643251583142,1.4793167303924013e-43,2.6649938339471928e-43,3.1353491912768422e-43,7.517579160767983e-28,239.17606729000912,195.0922233096325,1.0,1.008,686.9653561832204,-23.26382905254223,-22.721182855379297,-22.581442006759612,-36.63889998402487,446.256113795252,297.5040758635013,-42.82993883105041,-42.57430379147261,-42.503714083732966,-27.123921990044376,
CH3NH3+,C[NH3+],KIDA,True,positive,1,32.04947561,2,1,0,0,0,False,495.6796950598007,524.1583564141829,N-H,0,xtb_corrected,-15.4,False,1.0,0.0,1.028514642892826,0.0,0.0,7.550866196683584e-243,5.824223773357614e-44,381.2398640788824,495.6796950598007,1.0,1.008,778.5607370076495,-31.89565867624548,-30.905470699496405,-30.524114873488443,-42.62121571124072,455.3713392767935,455.3713392767935,-300.0,-300.0,-242.12200322547517,-43.234761947282344,
COOCH4+,CC(=[O+])O,KIDA,True,positive,1,60.02058079,4,1,1,0,0,True,146.17547719483994,223.15726576514157,O-H,4,xtb_corrected,-15.4,True,1.0,0.0,0.9801988898055748,8.046652598850185e-31,8.82271447660438e-31,1.0964551405370836e-30,6.759438165307926e-20,169.03995646680022,97.45031812989328,1.0,1.008,824.3584274198644,-21.28623316709718,-20.668588676244713,-20.49336196346019,-34.2611112661881,485.96022203888504,323.9734813592567,-30.09438474822682,-30.05439777531726,-29.96000913198987,-19.1700894004854,
CH3CH2OH,CCO,KIDA,True,neutral,0,46.04186481,3,1,1,0,0,True,395.8064,416.451189779242,C-H,0,literature,0.0,False,1.0,0.0,,0.0,6.115432820678156e-221,5.929045253794364e-114,1.4130640987220047e-35,307.3024334190413,322.05979741730766,1.0,1.008,686.9653561832204,-35.25168942794757,-34.28656560786723,-33.91947075501021,-44.72859558365914,446.5319237054945,446.5319237054945,-300.0,-220.2135728002826,-113.22701523486364,-34.849838137450895,395.8064
CH3CH2OH,CCO,KIDA,True,neutral,0,46.04186481,3,1,1,0,0,True,395.8064,416.451189779242,C-H,0,literature,0.0,False,1.0,0.0,,0.0,6.115432820678156e-221,5.929045253794364e-114,1.4130640987220047e-35,307.3024334190413,322.05979741730766,1.0,1.008,686.9653561832204,-35.25168942794757,-34.28656560786723,-33.91947075501021,-44.72859558365914,446.5319237054945,446.5319237054945,-300.0,-220.2135728002826,-113.22701523486364,-34.849838137450895,395.8064
CH3CHCH2,C=CC,KIDA,True,neutral,0,42.04695019,3,0,0,0,0,False,454.87968366892625,500.77436027360613,C-H,0,xtb_corrected,-15.4,False,1.0,0.0,1.0942468574031132,0.0,0.0,3.423190593840173e-211,3.826449061765226e-42,365.21281803332624,454.87968366892625,1.0,1.008,686.9653561832204,-35.22724313598171,-34.26297879126378,-33.89638007527894,-44.887624158295885,446.2288111797161,446.2288111797161,-300.0,-300.0,-210.46556891986629,-41.41720406368603,
C3H6+,[CH2+][CH]C,KIDA,True,positive,1,42.046401612089994,3,0,0,0,0,False,244.40802754537205,281.14982376321444,C-H,6,xtb_corrected,-15.4,False,1.0,1.0,1.0848289218664413,8.571471700258148e-181,2.5514267293338643e-111,7.476490817089138e-70,4.373264740372796e-31,267.70437862994385,244.40802754537205,1.0,1.008,686.9653561832204,-35.28145610508063,-34.31528576653306,-33.94758670959095,-44.534791809275326,446.9010009796482,446.9010009796482,-180.06694460439797,-110.59321689901621,-69.12630219576879,-30.359194231367034,
H3C4NH+,CC#CC#[NH+],KIDA,True,positive,1,66.03382555,5,1,0,0,0,False,453.8868652579214,485.5576798704526,C-H,0,xtb_corrected,-15.4,False,1.0,0.0,1.0941648205112149,0.0,0.0,8.927532363874126e-211,4.2463826832469895e-42,364.81404437322334,453.8868652579214,1.0,1.008,686.9653561832204,-35.22771536510634,-34.26343441783328,-33.89682611860447,-44.88455336004002,446.2346664291747,446.2346664291747,-300.0,-300.0,-210.04926856673848,-41.371980869865396,
C4H5,C#C[CH]C,KIDA,True,neutral,0,53.03912516,4,0,0,0,0,False,224.5547487353691,321.04373111908967,C-H,3,xtb_corrected,-15.4,False,1.0,0.0,1.0940574235034404,2.0968520849296488e-106,1.4329834780558074e-74,1.0958005354444735e-55,7.94249747148768e-30,256.6013065838076,224.5547487353691,1.0,1.008,686.9653561832204,-35.22833357482976,-34.26403089264319,-33.89741004765606,-44.88053321432896,446.242331715573,446.242331715573,-105.678432204234,-73.84375881688148,-54.96026849169058,-29.100042914759438,
C4H5+,C=C=[C+]C,KIDA,True,positive,1,53.038576580089995,4,0,0,0,0,False,400.1556286409748,432.8568622691666,C-H,0,xtb_corrected,-15.4,False,1.0,0.0,1.0941547223144916,0.0,0.0,9.73263915907554e-176,1.4254118107143642e-39,342.5407203095963,400.1556286409748,1.0,1.008,686.9653561832204,-35.227773493381505,-34.26349050244412,-33.896881023579766,-44.88417536197691,446.2353871715082,446.2353871715082,-300.0,-300.0,-175.01176937794256,-38.84605964703561,
C5H3N+,CC#C[C+]=C=[N],KIDA,True,positive,1,77.02600052,6,0,0,0,0,False,272.7036720764209,272.7036720772962,C-H,3,xtb_corrected,-15.4,False,1.0,0.0,1.0941608324587768,1.0800195304105223e-243,4.154096165851011e-143,5.651731225119186e-83,8.541766232576712e-33,282.77644775675543,272.7036720764209,1.0,1.008,686.9653561832204,-35.227738321542525,-34.263456567170834,-33.8968478020719,-44.88440407841125,446.2349510699179,446.2349510699179,-242.9665683909271,-142.38152345392152,-82.24781849972919,-32.06845231833312,
C5H4+,C=C=C=[C][CH2+],KIDA,True,positive,1,64.03075155,5,0,0,0,0,False,353.9007374003637,353.90271224238955,C-H,4,xtb_corrected,-15.4,False,1.0,0.0,1.0829291662179128,0.0,6.212272328513283e-273,1.0881465823411626e-134,2.937766123996501e-37,322.1354188812781,353.9007421026325,1.0,1.008,686.9653561832204,-35.2923918899252,-34.325837080389796,-33.95791602408202,-44.463546043668174,447.0365929429114,447.0365929429114,-300.0,-272.20674951427986,-133.9633125976397,-36.531982781418705,
C6H3+,C#C[C+]=C=C=C,KIDA,True,positive,1,75.02292652,6,0,0,0,0,False,434.3903369120762,504.8952817933708,C-H,0,xtb_corrected,-15.4,False,1.0,2.0,1.0838243840638655,0.0,0.0,5.264762236766188e-189,3.3599288583388135e-41,356.8928270532536,434.3903369120762,1.0,1.008,686.9653561832204,-35.2872386381271,-34.32086500204601,-33.95304855978781,-44.49712211079527,446.972698228149,446.972698228149,-300.0,-300.0,-188.2786212373165,-40.47366991807384,
C7H2,[C+]#CC#CC#C[CH2-],KIDA,True,neutral,0,86.01565006,7,0,0,0,0,False,385.7789570952239,385.7789570952239,C-H,0,xtb_corrected,-15.4,False,1.0,0.0,1.083221586213565,0.0,0.0,1.1948739824056355e-157,7.213535066457637e-39,336.3310854760817,385.7789570952239,1.0,1.008,686.9653561832204,-35.29070859602221,-34.32421296620633,-33.95632608208156,-44.47451415947407,447.01572194229686,447.01572194229686,-300.0,-300.0,-156.9226778952445,-38.141851852671785,
C7H2+,[C+]#C[C]=C=C=C=C,KIDA,True,positive,1,86.01510148,7,0,0,0,0,False,335.125417944099,335.125417944099,C-H,2,xtb_corrected,-15.4,False,1.0,2.0,1.0840110629739077,0.0,1.5330845551312704e-259,1.1850301556113307e-128,2.8201966212525904e-36,313.4739280097615,335.125417944099,1.0,1.008,686.9653561832204,-35.286164036640805,-34.31982818048417,-33.95203355289788,-44.504123004885415,446.959374325187,446.959374325187,-300.0,-258.8144338915812,-127.92627059796699,-35.5497206120536,
HC7N+,[CH+]=[C]C#CC#CC#N,KIDA,True,positive,1,99.01035045,8,0,1,0,0,False,627.2317426323498,627.2317426323498,C-H,0,xtb_corrected,-15.4,False,1.0,2.0,1.0650744455096717,0.0,0.0,0.0,2.3188281508754314e-49,428.8562621146216,627.2317426323498,1.0,1.008,686.9653561832204,-35.3951730486457,-34.42500481465564,-34.05499662736314,-43.79274244750282,448.3109445345084,448.3109445345084,-300.0,-300.0,-300.0,-48.63473143587775,
C8H,[C]#CC#CC#CC#C,KIDA,True,neutral,0,97.00782503,8,0,0,0,0,False,554.5361098612563,554.5361098612563,C-H,0,xtb_corrected,-15.4,False,1.0,2.0,1.0650728767824509,0.0,0.0,4.622197006020843e-284,1.8637955224807446e-46,403.23911512331983,554.5360989496784,1.0,1.008,686.9653561832204,-35.39518207921872,-34.425013527750814,-34.055005157027516,-43.79268341462824,448.3110564998571,448.3110564998571,-300.0,-300.0,-283.3351515480814,-45.729601735935596,
C8H-,[C-]#CC#CC#CC#C,KIDA,True,negative,-1,97.00837361,8,0,0,0,0,False,493.4801023150473,493.4801023150473,C-H,0,xtb_corrected,-15.4,False,1.0,2.0,1.0650728767824509,0.0,0.0,7.340522550515383e-242,7.265616200439429e-44,380.393042215368,493.4801023150473,1.0,1.008,686.9653561832204,-35.39518207921872,-34.425013527750814,-34.055005157027516,-43.79268341462824,448.3110564998571,448.3110564998571,-300.0,-300.0,-241.1342730228186,-43.13872754707799,
C8H+,[C+]#CC#CC#CC#C,KIDA,True,positive,1,97.00727645,8,0,0,0,0,False,633.5004584419331,633.5004584419331,C-H,0,xtb_corrected,-15.4,False,1.0,2.0,1.0650728795077091,0.0,0.0,0.0,1.326901728547476e-49,430.9939842037342,633.5004584419331,1.0,1.008,686.9653561832204,-35.39518206353048,-34.42501351261408,-34.05500514220944,-43.79268351718262,448.31105630534626,448.31105630534626,-300.0,-300.0,-300.0,-48.87716124015737,
CH3C4H,C#CC#CC,KIDA,True,neutral,0,64.03130013,5,0,0,0,0,False,447.67515085705,487.12253737412664,C-H,0,xtb_corrected,-15.4,False,1.0,0.0,1.0941632241888184,0.0,0.0,3.6013649807197043e-208,8.167602992290802e-42,362.30909474233346,447.67515085705,1.0,1.008,686.9653561832204,-35.22772455402092,-34.2634432836855,-33.89683479797998,-44.88449360617295,446.23478036408414,446.23478036408414,-300.0,-300.0,-207.4435328627775,-41.08790538042748,
CH3OCH3,COC,KIDA,True,neutral,0,46.04186481,3,0,1,0,0,True,496.9399359734779,496.9399652661808,C-H,0,xtb_corrected,-15.4,True,1.0,1.0,1.0943144681047472,0.0,8.371169894112528e-257,2.0403531334404577e-127,4.509388146280761e-36,311.67650260587044,331.29329064898525,1.0,1.008,686.9653561832204,-23.262112035707354,-22.71952650713804,-22.579814219958752,-36.65265801106973,446.2239855760764,297.4826570507176,-300.0,-256.077213843912,-126.69029466069563,-35.34588238111994,
CH3OCH3+,C[O+]C,KIDA,True,positive,1,46.04131623,3,0,1,0,0,True,225.922987155078,225.92328421990132,C-H,6,xtb_corrected,-15.4,True,1.0,1.0,1.094314469616523,2.9838280663865124e-38,4.116489401239262e-38,4.811483647121893e-38,1.47108542120821e-24,210.15141709313272,150.615324770052,1.0,1.008,686.9653561832204,-23.262112029940862,-22.719526501575302,-22.579814214491936,-36.652658057273264,446.22398546817584,297.4826569787839,-37.52522620531829,-37.38547299843277,-37.31772098591201,-23.8323621084538,
C2H5OH2+,CC[OH2+],KIDA,True,positive,1,47.04914126,3,0,0,0,0,True,449.9313111413997,505.1468400841076,O-H,0,xtb_corrected,-15.4,True,1.0,0.0,0.9915192460170256,0.0,3.509404845496098e-207,1.44916337465261e-107,2.330425764465765e-34,296.56863661589824,299.9542074275998,1.0,1.008,824.3584274198644,-21.184166789438866,-20.570800254131637,-20.39774114294208,-34.57596757900368,483.6961507965949,322.46410053106325,-300.0,-206.4547665286147,-106.83888265061547,-33.63256472692851,
CH3COCH3,CC(C)=O,KIDA,True,neutral,0,58.04186481,4,0,1,0,0,True,497.2745995370258,497.2745995427149,C-H,0,xtb_corrected,-15.4,False,1.0,0.0,1.0935218824861157,0.0,0.0,1.451860254027102e-243,4.962923600732299e-44,381.85271230272286,497.2745995370258,1.0,1.008,686.9653561832204,-35.23141631313352,-34.267005248618645,-33.90032184284731,-44.86048536023779,446.2805550828799,446.2805550828799,-300.0,-300.0,-242.83807518379132,-43.30426241028238,
C2H6CO+,CC(C)=[O+],KIDA,True,positive,1,58.04131623,4,0,1,0,0,True,170.8162974177023,170.8200790605663,C-H,6,xtb_corrected,-15.4,False,1.0,0.0,1.0935218824861157,9.680696615866235e-41,1.5017964056481016e-40,1.748626941227474e-40,4.1655862918095334e-26,223.80119109210813,170.81629741507658,1.0,1.008,686.9653561832204,-35.23141631313352,-34.267005248618645,-33.90032184284731,-44.86048536023779,446.2805550828799,446.2805550828799,-40.01409339005304,-39.823388939433535,-39.75730283468817,-25.38032386451454,
C3H5CN,C=CCC#N,KIDA,True,neutral,0,67.04219916,5,0,1,1,0,False,411.8493618107882,491.1915769387398,C-H,0,xtb_corrected,-15.4,False,1.0,1.0,1.095809193769184,0.0,0.0,2.8112572347969213e-180,3.894297189325964e-40,347.50970700386176,411.8493618107882,1.0,1.008,686.9653561832204,-35.218249870311624,-34.25430170986903,-33.88788549513087,-44.94609660837822,446.11730196782503,446.11730196782503,-300.0,-300.0,-179.55109941389395,-39.40957090880998,
C2H5CHO,CCC=O,KIDA,True,neutral,0,58.04186481,4,0,1,1,0,True,358.5888,358.5888,C-H,6,literature,0.0,False,1.0,0.0,,0.0,0.0,1.29671952088721e-208,7.304784604859777e-42,362.7366501317137,448.73236340739834,1.0,1.008,686.9653561832204,-35.25168942794757,-34.28656560786723,-33.91947075501021,-44.72859558365914,446.5319237054945,446.5319237054945,-300.0,-300.0,-207.88715395121258,-41.136392585520234,358.5888
C3H7,[CH2]CC,KIDA,True,neutral,0,43.05477522,3,0,0,0,0,False,135.5872923401766,232.95601912934737,C-H,5,xtb_corrected,-15.4,False,1.0,0.0,1.0953548203222203,2.6861123154213387e-36,3.420849646850797e-36,4.0393155484727923e-36,2.4425446303017365e-23,199.39177320611628,135.5872923401766,1.0,1.008,686.9653561832204,-35.220865374143,-34.256825257998365,-33.890355967513486,-44.92909282112989,446.1497321320812,446.1497321320812,-35.570875831969644,-35.465866013502165,-35.39369221872712,-22.61215749208547,
C3H7+,[CH2+]CC,KIDA,True,positive,1,43.054226644089994,3,0,0,0,0,False,450.40535846193734,527.9423439265781,C-H,0,xtb_corrected,-15.4,False,1.0,1.0,1.0953195223049337,0.0,0.0,2.5760045132154364e-209,6.123433178819595e-42,363.412210991548,450.40535846193734,1.0,1.008,686.9653561832204,-35.221068559746584,-34.25702130001998,-33.890547886309754,-44.927771822122,446.1522514705377,446.1522514705377,-300.0,-300.0,-208.58905338041828,-41.21300501697833,
CH2CHCHCH2,C=CC=C,KIDA,True,neutral,0,54.04695019,4,0,0,1,0,False,477.47660549457635,528.503650951087,C-H,0,xtb_corrected,-15.4,False,1.0,3.0,1.0880712133943722,0.0,0.0,1.1799638444601179e-220,3.6857777295021475e-43,374.17415833545783,477.47660549457635,1.0,1.008,686.9653561832204,-35.26279221684266,-34.29727805055592,-33.92995784481567,-44.656329129124465,446.6695877060072,446.6695877060072,-300.0,-300.0,-219.92813129980576,-42.43347085841735,
C4H6+,C=C[CH][CH2+],KIDA,True,positive,1,54.046401612089994,4,0,0,1,0,False,270.7182880506774,306.8853097660758,C-H,6,xtb_corrected,-15.4,False,1.0,1.0,1.0884724948487008,4.5385264712921645e-242,3.217152969173511e-142,1.5866597572121068e-82,1.1181396537470687e-32,281.7452085899296,270.7182880506774,1.0,1.008,686.9653561832204,-35.260482293174356,-34.29504933789118,-33.927776017717186,-44.67136616509283,446.64094689619793,446.64094689619793,-241.34308512715643,-141.4925282887752,-81.7995161932247,-31.951503950417415,
C5H4N+,CC#C[CH+]C#N,KIDA,True,positive,1,78.03382555,6,0,1,0,0,False,400.672522869141,410.2132030332217,C-H,0,xtb_corrected,-15.4,False,1.0,0.0,1.0941491823894705,0.0,0.0,6.1292091361710625e-176,1.3454237242766996e-39,342.76188448644984,400.672522869141,1.0,1.008,686.9653561832204,-35.22780538286628,-34.26352127076367,-33.89691114474474,-44.88396798991032,446.2357825746278,446.2357825746278,-300.0,-300.0,-175.212595559732,-38.87114091853547,
C5H5,C#C[CH]C=C,KIDA,True,neutral,0,65.03912516,5,0,0,1,0,False,285.4305368313514,393.73128775765736,C-H,3,xtb_corrected,-15.4,False,1.0,3.0,1.0882050923781694,4.4201466081838655e-304,6.978084962746911e-173,2.2151033267762023e-94,1.5551624046799988e-33,289.2996836534301,285.4305368313514,1.0,1.008,686.9653561832204,-35.262021559964126,-34.2965344879937,-33.92922992469112,-44.66134603739972,446.6600323117296,446.6600323117296,-299.99980807788495,-172.15626374703643,-93.65460601065892,-32.80822425115583,
C5H5+,[CH+]=[C]C#CC,KIDA,True,positive,1,64.03075155,5,0,0,0,0,False,326.69032585574337,398.8892164226008,C-H,3,xtb_corrected,-15.4,False,1.0,0.0,1.0941631462928856,0.0,8.140842766397555e-224,2.761756961861223e-115,7.952854775699618e-36,309.5037238137678,326.69032585574337,1.0,1.008,686.9653561832204,-35.227725002413436,-34.263443716313525,-33.89683522150849,-44.88449069035599,446.2347859237794,446.2347859237794,-300.0,-223.08933063321274,-114.55881454254475,-35.09947694797452,
C6H4+,C=C=C=C=[C][CH2+],KIDA,True,positive,1,76.03075155,6,0,0,0,0,False,325.98207374039316,325.98211377532937,C-H,4,xtb_corrected,-15.4,False,1.0,2.0,1.0837748592419163,0.0,2.240786001760529e-223,4.413234436556298e-115,8.681443553854619e-36,309.16803606508387,325.9820534846601,1.0,1.008,686.9653561832204,-35.28752372367509,-34.32114006480119,-33.95331783521539,-44.49526477457468,446.9762329816019,446.9762329816019,-300.0,-222.6495996172232,-114.35524300167167,-35.06140805416134,
C7H2N+,C#CC#CC#CC#[NH+],KIDA,True,positive,1,100.0181755,8,1,0,0,0,False,521.1841554311002,578.6849410969046,N-H,0,xtb_corrected,-15.4,False,1.0,2.0,1.018798022008564,0.0,0.0,2.748614640465883e-254,4.644073226597748e-45,390.9249089323744,521.1841553654615,1.0,1.008,778.5607370076495,-32.06991900044014,-31.072843135441445,-30.68748759217234,-42.33101962764247,457.800494497859,457.800494497859,-300.0,-300.0,-253.56088614456928,-44.333100941031525,
C7H3+,C#CC#C[C+]=C=C,KIDA,True,positive,1,87.02292652,7,0,0,0,0,False,430.0735392371111,497.01848413518184,C-H,0,xtb_corrected,-15.4,False,1.0,2.0,1.0838529166535642,0.0,0.0,2.4578686498703893e-187,5.34487794505671e-41,355.1150701607204,430.0735391924783,1.0,1.008,686.9653561832204,-35.287074392642936,-34.320706530963925,-33.952893422937365,-44.498192164821305,446.97066176106057,446.97066176106057,-300.0,-300.0,-186.6094413298144,-40.272062207834736,
C8H2,C#CC#CC#CC#C,KIDA,True,neutral,0,98.01565006,8,0,0,0,0,False,591.013853563214,591.0209653220139,C-H,0,xtb_corrected,-15.4,False,1.0,2.0,1.0649592882832053,0.0,0.0,2.209326035305084e-301,6.170060249379731e-48,416.2905689741939,591.0138535737169,1.0,1.008,686.9653561832204,-35.39583596559104,-34.42564442616697,-34.0556227735493,-43.78840891390618,448.31916369386846,448.31916369386846,-300.0,-300.0,-299.91330830880094,-47.209710595149026,
C8H2+,C#CC#CC#C[C]=[CH+],KIDA,True,positive,1,98.01510148,8,0,0,0,0,False,616.1343014414427,616.1350894997092,C-H,0,xtb_corrected,-15.4,False,1.0,2.0,1.0649591522783683,0.0,0.0,0.0,6.2723340465409865e-49,425.04551245685184,616.1343014414427,1.0,1.008,686.9653561832204,-35.395836748519955,-34.42564518157132,-34.055623513050584,-43.78840379579323,448.319173400992,448.319173400992,-300.0,-300.0,-300.0,-48.20257082042785,
C9H,[C+]#CC#C[C]=C=C=C=[CH-],KIDA,True,neutral,0,109.007825,9,0,0,0,0,False,470.8922964669493,470.8922964669493,C-H,0,xtb_corrected,-15.4,False,1.0,2.0,1.0651599457661638,0.0,0.0,6.708601199137971e-218,7.246351995662407e-43,371.5853081786892,470.8922964669493,1.0,1.008,686.9653561832204,-35.39468085584355,-34.42452992533187,-34.054531735544444,-43.79595988773545,448.3048420930463,448.3048420930463,-300.0,-300.0,-217.1733680245143,-42.13988057368805,
C9H-,[C-]#CC#C[C-]=C=C=C=[CH+],KIDA,True,negative,-1,109.0083736,9,0,0,0,0,False,410.093156385674,410.093156385674,C-H,0,xtb_corrected,-15.4,False,1.0,2.0,1.065160124392301,0.0,0.0,1.3492992290782948e-179,4.726545881545283e-40,346.7679911146192,410.093156385674,1.0,1.008,686.9653561832204,-35.394679827560196,-34.42452893319874,-34.05453076429795,-43.7959666095218,448.3048293438969,448.3048293438969,-300.0,-300.0,-178.86989172777302,-39.325456121964706,
C9H+,[C+]#CC#C[C-]=C=C=C=[CH+],KIDA,True,positive,1,109.0072765,9,0,0,0,0,False,642.1166442851419,642.1166442851419,C-H,0,xtb_corrected,-15.4,False,1.0,2.0,1.065160048245774,0.0,0.0,0.0,6.188341539387151e-50,433.9150417413918,642.1166442851419,1.0,1.008,686.9653561832204,-35.39468026590708,-34.42452935613513,-34.05453117833058,-43.79596374409186,448.3048347787312,448.3048347787312,-300.0,-300.0,-300.0,-49.20842572526066,
CH3C5N,CC#CC#CC#N,KIDA,True,neutral,0,89.0265491,7,0,1,0,0,False,438.2491475812805,438.2491475812805,C-H,0,xtb_corrected,-15.4,False,1.0,0.0,1.0941586366586409,0.0,0.0,1.6988380614651127e-190,2.2230953885819394e-41,358.4745115072672,438.2491475812805,1.0,1.008,686.9653561832204,-35.2277509612323,-34.26346876247651,-33.89685974087201,-44.8843218847061,446.235107791574,446.235107791574,-300.0,-300.0,-189.76984801746056,-40.6530419021926,
CH3OCH4+,C[OH+]C,KIDA,True,positive,1,47.04914126,3,0,0,0,0,True,443.8269247046862,528.8137152922134,O-H,0,xtb_corrected,-15.4,True,1.0,1.0,0.9919652238003048,0.0,1.8742453519868968e-178,4.615655889473822e-97,3.947909792435015e-34,294.54993729446545,295.8846164697908,1.0,1.008,824.3584274198644,-21.180145967371544,-20.56694796486765,-20.393974104550583,-34.58833002893232,483.606955239939,322.404636826626,-300.0,-177.7271735575041,-96.33576657655799,-33.403632779278816,
C10H,[C]#CC#CC#CC#CC#C,KIDA,True,neutral,0,121.007825,10,0,0,0,0,False,545.0229867850181,545.0229867850181,C-H,0,xtb_corrected,-15.4,False,1.0,2.0,1.065024628725407,0.0,0.0,5.879655693873356e-265,4.616816785069573e-46,399.7653524919643,545.0229867850181,1.0,1.008,686.9653561832204,-35.39545982516335,-34.42528150928947,-34.05526749693068,-43.79086778070123,448.31450012629574,448.31450012629574,-300.0,-300.0,-264.23064810498323,-45.335657359759466,
C10H-,[C-]#CC#CC#CC#CC#C,KIDA,True,negative,-1,121.0083736,10,0,0,0,0,False,494.7834953087229,494.7834953087229,C-H,0,xtb_corrected,-15.4,False,1.0,2.0,1.065024628725407,0.0,0.0,1.9072731561579372e-242,6.372948863703456e-44,380.8950631420552,494.7834953087229,1.0,1.008,686.9653561832204,-35.39545982516335,-34.42528150928947,-34.05526749693068,-43.79086778070123,448.31450012629574,448.31450012629574,-300.0,-300.0,-241.71958710364163,-43.19565956626837,
C10H+,[C+]#CC#CC#CC#CC#C,KIDA,True,positive,1,121.0072765,10,0,0,0,0,False,597.4690931499917,597.4690931499917,C-H,0,xtb_corrected,-15.4,False,1.0,2.0,1.0650246450363794,0.0,0.0,1.9201942141034694e-304,3.4132642667821964e-48,418.557823268304,597.4690931499917,1.0,1.008,686.9653561832204,-35.39545973126723,-34.42528141869435,-34.05526740824279,-43.790868394505935,448.31449896212666,448.31449896212666,-300.0,-300.0,-299.9999166150304,-47.46683008583147,
C3H6OH+,CC(C)=[OH+],KIDA,True,positive,1,59.04914126,4,0,0,0,0,True,486.0077841616504,490.88706336954994,C-H,0,xtb_corrected,-15.4,False,1.0,0.0,1.0930193318905477,0.0,0.0,3.2023118937202613e-224,1.5456936948720334e-43,377.50208460722007,486.0077841616504,1.0,1.008,686.9653561832204,-35.234309151351695,-34.26979638108038,-33.9030542673695,-44.84167070873093,446.3164238126005,446.3164238126005,-300.0,-300.0,-223.49453637162813,-42.81087656462643,
C3H8,CCC,KIDA,True,neutral,0,44.062600256,3,0,0,0,0,False,508.15525658769354,525.3923419146719,C-H,0,xtb_corrected,-15.4,False,1.0,1.0,1.0956315771014256,0.0,0.0,1.9031981624858952e-248,1.677026715729938e-44,386.00768631328526,508.1552559995852,1.0,1.008,686.9653561832204,-35.219272282501436,-34.25528817615259,-33.888851213958205,-44.93944991817975,446.1299790680133,446.1299790680133,-300.0,-300.0,-247.7205159902765,-43.775460018847895,
C4H7,C=C[CH]C,KIDA,True,neutral,0,55.05477522,4,0,0,1,0,False,405.0944,405.0944,C-H,0,literature,0.0,False,1.0,2.0,,1.0403042918570871e-177,1.411627168338972e-109,6.485357107679796e-69,8.590026246200179e-31,265.1190694123214,239.71016462712524,1.0,1.008,686.9653561832204,-35.25168942794757,-34.28656560786723,-33.91947075501021,-44.72859558365914,446.5319237054945,446.5319237054945,-176.98283960979248,-108.85027999175004,-68.18806610506567,-30.06600550921154,405.0944
C5H6,C#CC=CC,KIDA,True,neutral,0,66.04695019,5,0,0,0,0,False,427.3927034482148,484.0665104302058,C-H,0,xtb_corrected,-15.4,False,1.0,0.0,1.0942597679999095,0.0,0.0,2.6771902015863177e-186,7.139218252048334e-41,354.00654650810674,427.3927034482148,1.0,1.008,686.9653561832204,-35.22716881869438,-34.26290708681185,-33.896309878992405,-44.88810742250617,446.227889706911,446.227889706911,-300.0,-300.0,-185.5723207731668,-40.14634934108225,
H3C6NH+,CC#CC#CC#[NH+],KIDA,True,positive,1,90.03382555,7,1,0,0,0,False,432.0452480336721,455.5150963500541,C-H,0,xtb_corrected,-15.4,False,1.0,0.0,1.0941617853099104,0.0,0.0,4.246478586676998e-188,4.3224303437226415e-41,355.92816697875617,432.04524805466866,1.0,1.008,686.9653561832204,-35.227732836643156,-34.263451275108665,-33.89684262131843,-44.88443974574785,446.2348830617212,446.2348830617212,-300.0,-300.0,-187.3719710615501,-40.36427199668461,
c-C6H5,[c]1ccccc1,KIDA,True,neutral,0,77.03912516,6,0,0,0,1,False,385.7737791838931,396.1541439387124,C-H,0,xtb_corrected,-15.4,False,1.0,3.0,1.0858303294805591,0.0,0.0,1.1999316190082439e-157,7.21778792696637e-39,336.3288283566226,385.7737791838931,1.0,1.008,686.9653561832204,-35.275691601813094,-34.309723927309804,-33.942141885977804,-44.572337256814514,446.82952714324705,446.82952714324705,-300.0,-300.0,-156.92084350256368,-38.14159588252884,
C6H5+,[C+]1=CC=CC=C1,KIDA,True,positive,1,77.03857658,6,0,0,0,0,False,465.9,465.9,C-H,0,literature,0.0,False,1.0,3.0,,0.0,0.0,1.472761546059283e-244,3.9760350381021296e-44,382.70176497735787,499.4884464547257,1.0,1.008,686.9653561832204,-35.25168942794757,-34.28656560786723,-33.91947075501021,-44.72859558365914,446.5319237054945,446.5319237054945,-300.0,-300.0,-243.83186756382526,-43.40054979711493,465.9
H3C7N+,CC#CC#C[C+]=C=[N],KIDA,True,positive,1,101.0260005,8,0,0,0,0,False,291.3652138545006,291.3652140041534,C-H,3,xtb_corrected,-15.4,False,1.0,0.0,1.0941610167967724,0.0,4.781427802810215e-176,6.6328016421610495e-96,7.1196050861498595e-34,292.29177255267433,291.36521301959203,1.0,1.008,686.9653561832204,-35.22773726043725,-34.26345554337173,-33.89684679980651,-44.88441097859278,446.2349379130939,446.2349379130939,-300.0,-175.32044239746966,-95.17830299033965,-33.147544095360686,
C7H4,C=C=C=C=C=C=C,KIDA,True,neutral,0,88.03130013,7,0,0,0,0,False,419.8672,419.8672,C-H,0,literature,0.0,False,1.0,2.0,,0.0,0.0,2.794285632721611e-157,8.121952946104096e-39,335.87685490627865,384.7376363655655,1.0,1.008,686.9653561832204,-35.25168942794757,-34.28656560786723,-33.91947075501021,-44.72859558365914,446.5319237054945,446.5319237054945,-300.0,-300.0,-156.55372920223957,-38.090339530889636,419.8672
C7H4+,C=C=C=C=C=[C][CH2+],KIDA,True,positive,1,88.03075155,7,0,0,0,0,False,345.2859323758623,345.2860531652773,C-H,4,xtb_corrected,-15.4,False,1.0,0.0,1.0830515484038343,0.0,8.597787474915176e-267,6.352627488777246e-132,8.229917304960589e-37,318.1904815990006,345.2859323942471,1.0,1.008,686.9653561832204,-35.291687405881234,-34.32515736395254,-33.95725060926023,-44.468136436990754,447.0278581138452,447.0278581138452,-300.0,-266.06561329422857,-131.197046610478,-36.08460452860058,
C8H3+,C#CC#C[C+]=C=C=C,KIDA,True,positive,1,99.02292652,8,0,0,0,0,False,411.52521093302533,485.88470027181864,C-H,0,xtb_corrected,-15.4,False,1.0,2.0,1.0838518634374386,0.0,0.0,3.7550908112033643e-180,4.035905853965832e-40,347.37292428609345,411.52521093302533,1.0,1.008,686.9653561832204,-35.287080455393955,-34.320712380565936,-33.95289914946381,-44.49815266629195,446.9707369326451,446.9707369326451,-300.0,-300.0,-179.4253795557763,-39.39405897315366,
C9H2,[C+]#CC#CC#CC#C[CH2-],KIDA,True,neutral,0,110.0156501,9,0,0,0,0,False,547.6848,547.6848,C-H,0,literature,0.0,False,1.0,0.0,,0.0,1.69153e-319,1.2429723381034985e-152,3.662555593739773e-38,330.10885617650314,371.6369338726281,1.0,1.008,686.9653561832204,-35.25168942794757,-34.28656560786723,-33.91947075501021,-44.72859558365914,446.5319237054945,446.5319237054945,-300.0,-300.0,-151.90553853631627,-37.43621577445458,547.6848
C9H2+,[C+]#CC#C[C]=C=C=C=C,KIDA,True,positive,1,110.0151015,9,0,0,0,0,False,329.64653838572775,329.64653838966865,C-H,2,xtb_corrected,-15.4,False,1.0,2.0,1.0839229339849452,0.0,1.2573048263258177e-255,6.9381075024671765e-127,5.521709503721159e-36,310.9009158437021,329.64653838572775,1.0,1.008,686.9653561832204,-35.286671343725025,-34.320317652096044,-33.952512726068385,-44.50081799215916,446.9656643881449,446.9656643881449,-300.0,-254.90055941734823,-126.15875897526846,-35.257926445260956,
C9HN+,[CH+]=[C]C#CC#CC#CC#N,KIDA,True,positive,1,123.0103505,10,0,1,0,0,False,618.2569915478734,618.2569915478734,C-H,0,xtb_corrected,-15.4,False,1.0,2.0,1.065024735815939,0.0,0.0,0.0,5.1816424464064695e-49,425.77706087434177,618.2569915478734,1.0,1.008,686.9653561832204,-35.39545920868333,-34.425280914482364,-34.055266914645664,-43.7908718106677,448.3144924828836,448.3144924828836,-300.0,-300.0,-300.0,-48.285532558334005,
CH3C6H,C#CC#CC#CC,KIDA,True,neutral,0,88.03130013,7,0,0,0,0,False,434.92243256207223,474.2361501850096,C-H,0,xtb_corrected,-15.4,False,1.0,0.0,1.0941617635698084,0.0,0.0,3.2787153346645025e-189,3.1735771473805947e-41,357.1113436575411,434.92243256207223,1.0,1.008,686.9653561832204,-35.227732961785755,-34.263451395851526,-33.89684273952169,-44.884438931967566,446.23488461338553,446.23488461338553,-300.0,-300.0,-188.48429628810376,-40.49845093983484,
C10H2,C#CC#CC#CC#CC#C,KIDA,True,neutral,0,122.0156501,10,0,0,0,0,False,588.0637461372407,588.0637784965321,C-H,0,xtb_corrected,-15.4,False,1.0,2.0,1.0649688789365046,0.0,0.0,5.540339853385073e-300,8.095858543009678e-48,415.250290237489,588.0637461372407,1.0,1.008,686.9653561832204,-35.395780755792885,-34.4255911573181,-34.05557062613669,-43.78876982756606,448.3184791766197,448.3184791766197,-300.0,-300.0,-299.1843996839976,-47.09173708876107,
C10H2+,C#CC#CC#CC#C[C]=[CH+],KIDA,True,positive,1,122.0151015,10,0,0,0,0,False,607.9310042933515,612.8555953910684,C-H,0,xtb_corrected,-15.4,False,1.0,2.0,1.0649687323141643,0.0,0.0,1e-323,1.3164133471206811e-48,422.20647363814425,607.9310042959819,1.0,1.008,686.9653561832204,-35.39578159984273,-34.425591971694644,-34.05557142336868,-43.78876430990646,448.3184896415503,448.3184896415503,-300.0,-300.0,-300.0,-47.88060772304169,
C4H8,C=CCC,KIDA,True,neutral,0,56.062600256,4,0,0,1,0,False,412.124,412.124,C-H,0,literature,0.0,False,1.0,2.0,,0.0,0.0,2.6073946641329883e-190,2.3404519471202755e-41,358.27750520952293,437.7675840948688,1.0,1.008,686.9653561832204,-35.25168942794757,-34.28656560786723,-33.91947075501021,-44.72859558365914,446.5319237054945,446.5319237054945,-300.0,-300.0,-189.58379322756483,-40.630700271141855,412.124
C4H8+,[CH2+][CH]CC,KIDA,True,positive,1,56.06205167608999,4,0,0,1,0,False,239.55825901260684,317.0098324970693,C-H,8,xtb_corrected,-15.4,False,1.0,1.0,1.0960418319642111,1.5107536752511633e-142,1.0531613593922987e-92,5.142262549920916e-63,8.780565669703369e-31,265.0350524086029,239.5582590047343,1.0,1.008,686.9653561832204,-35.21691073905111,-34.253009659723226,-33.886620619334025,-44.95480196228479,446.10069779579993,446.10069779579993,-141.82080634055833,-91.97750508358662,-62.288845753233616,-30.056477504672795,
C6H6,c1ccccc1,KIDA,True,neutral,0,78.04695019,6,0,0,0,1,False,472.6136,472.6136000000001,C-H,0,literature,0.0,False,1.0,3.0,,0.0,0.0,1.9891332524600023e-281,3.1576482590953767e-46,401.2201200569656,548.9969401456129,1.0,1.008,686.9653561832204,-35.25168942794757,-34.28656560786723,-33.91947075501021,-44.72859558365914,446.5319237054945,446.5319237054945,-300.0,-300.0,-280.70133612242125,-45.500636249135134,472.6136
C7H5+,C=C=C=[C+]C#CC,KIDA,True,positive,1,89.03857658,7,0,0,0,0,False,404.60310291722817,409.5066443049885,C-H,0,xtb_corrected,-15.4,False,1.0,0.0,1.094162018955103,0.0,0.0,1.8231084953641843e-177,8.682848225070065e-40,344.4390217315703,404.6031047156923,1.0,1.008,686.9653561832204,-35.22773149171078,-34.263449977461185,-33.89684135096454,-44.88444849160597,446.2348663856763,446.2348663856763,-300.0,-300.0,-176.7391874851926,-39.06133779031564,
C8H4+,C=C=C=C=C=C=[C][CH2+],KIDA,True,positive,1,100.0307515,8,0,0,0,0,False,325.2939018586258,325.2957822128444,C-H,4,xtb_corrected,-15.4,False,1.0,0.0,1.0830559511988036,0.0,5.993618694852815e-223,6.959750989570602e-115,9.454079083624874e-36,308.8415331198692,325.29389761319266,1.0,1.008,686.9653561832204,-35.29166206151922,-34.32513291062457,-33.95722667044297,-44.46830157807628,447.02754387152976,447.02754387152976,-300.0,-222.22231088968346,-114.15740629857765,-35.02438076913293,
C9H2N+,C#CC#CC#CC#CC#[NH+],KIDA,True,positive,1,124.0181755,10,1,0,0,0,False,484.3420079403677,557.4779877073544,N-H,0,xtb_corrected,-15.4,False,1.0,2.0,1.0188124785620116,0.0,0.0,1.590659678506883e-223,1.8304287912947273e-43,376.8545913788629,484.3420086019965,1.0,1.008,778.5607370076495,-32.06965972385747,-31.072594106778375,-30.687244517249272,-42.33145320158232,457.7968803594971,457.7968803594971,-300.0,-300.0,-222.7984227276798,-42.73744716170149,
C9H3+,[C+]#CC#CC#CC#CC,KIDA,True,positive,1,111.0229265,9,0,0,0,0,False,337.31307696957157,337.3130769713252,C-H,3,xtb_corrected,-15.4,False,1.0,0.0,1.094160097636966,0.0,4.202879349986554e-261,2.3373951865072987e-129,2.1599102642974383e-36,314.49542614433426,337.3130815641946,1.0,1.008,686.9653561832204,-35.22774255139914,-34.263460648314854,-33.896851797376655,-44.88437657239274,446.23500351662705,446.23500351662705,-300.0,-260.3764530768961,-128.63126785465528,-35.66556429168703,
CH3C7N,CC#CC#CC#CC#N,KIDA,True,neutral,0,113.0265491,9,0,1,0,0,False,429.7044467044095,429.7044467087873,C-H,0,xtb_corrected,-15.4,False,1.0,0.0,1.0941601528013205,0.0,0.0,3.414473497785668e-187,5.561890074001129e-41,354.96265618444846,429.70444670966094,1.0,1.008,686.9653561832204,-35.22774223385641,-34.263460341936245,-33.89685149744216,-44.88437863731763,446.2349995793611,446.2349995793611,-300.0,-300.0,-186.46667625380812,-40.25477759884591,
C4H9,[CH2]CCC,KIDA,True,neutral,0,57.07042529,4,0,0,1,0,False,387.8768,387.8768,C-H,0,literature,0.0,False,1.0,0.0,,2.3310641070403265e-35,2.869521835901409e-35,3.4112008313062267e-35,9.446286475150781e-23,194.2119739251453,128.63422121214396,1.0,1.008,686.9653561832204,-35.25168942794757,-34.28656560786723,-33.91947075501021,-44.72859558365914,446.5319237054945,446.5319237054945,-34.63244578269949,-34.542190466098965,-34.4670927111524,-22.02473888782023,387.8768
C4H9+,[CH2+]CCC,KIDA,True,positive,1,57.06987671,4,0,0,1,0,False,424.1825417096604,529.1839015120703,C-H,0,xtb_corrected,-15.4,False,1.0,1.0,1.095949141728815,0.0,0.0,4.6785055297141024e-185,1.0108929400955216e-40,352.67456279389575,424.1825417122861,1.0,1.008,686.9653561832204,-35.217444290194656,-34.253524452297924,-33.88712458483518,-44.95133352509543,446.1073134102882,446.1073134102882,-300.0,-300.0,-184.32989285287672,-39.99529483648392,
C5H8,C=CC=CC,KIDA,True,neutral,0,68.06260026,5,0,0,1,0,False,427.99525129525546,486.2597937519023,C-H,0,xtb_corrected,-15.4,False,1.0,0.0,1.094266899563204,0.0,0.0,1.5650918806120905e-186,6.688997183345983e-41,354.25600181327195,427.99525129525546,1.0,1.008,686.9653561832204,-35.227127767266914,-34.26286747866398,-33.896271103925564,-44.88837436779454,446.2273807032036,446.2273807032036,-300.0,-300.0,-185.8054601615862,-40.17463898692336,
C8H4N+,CC#CC#CC#CC#[NH+],KIDA,True,positive,1,114.0338255,9,1,0,0,0,False,420.7499223485417,437.3196124434962,C-H,0,xtb_corrected,-15.4,False,1.0,0.0,1.0941614552627628,0.0,0.0,9.983402677441123e-184,1.4684568033071327e-40,351.24468708162914,420.7499223485417,1.0,1.008,686.9653561832204,-35.22773473649432,-34.263453108165194,-33.89684441582004,-44.88442739134996,446.23490661829845,446.23490661829845,-300.0,-300.0,-183.0007214114008,-39.83313882432761,
C8H5+,C=C=C=C=[C+]C#CC,KIDA,True,positive,1,101.0385766,8,0,0,0,0,False,387.5303208384143,399.63594134237167,C-H,0,xtb_corrected,-15.4,False,1.0,0.0,1.0941616455115262,0.0,0.0,2.8639618253808984e-158,5.911092589401725e-39,337.0936609788709,387.5303211744802,1.0,1.008,686.9653561832204,-35.2277336413649,-34.263452051538145,-33.89684338141717,-44.88443451278387,446.234893039603,446.234893039603,-300.0,-300.0,-157.54303277516897,-38.22833223795253,
C9H3N+,CC#CC#CC#C[C+]=C=[N],KIDA,True,positive,1,125.0260005,10,0,0,0,0,False,304.4227077404107,304.42270776229026,C-H,3,xtb_corrected,-15.4,False,1.0,0.0,1.094161056226844,0.0,5.7517408329846244e-210,7.338657642988103e-109,1.3117304752614014e-34,298.7695024637754,304.4227077509136,1.0,1.008,686.9653561832204,-35.22773703346584,-34.26345532438014,-33.896846585421,-44.88441245454811,446.2349350988368,446.2349350988368,-300.0,-209.24020069100843,-108.13438337217626,-33.88215539143253,
C9H4+,[CH+]=[C]C#CC#CC#CC,KIDA,True,positive,1,112.0307515,9,0,0,0,0,False,339.0734645772682,408.28186307137867,C-H,3,xtb_corrected,-15.4,False,1.0,0.0,1.094161407435397,0.0,2.3276580934040177e-262,6.3348778000946626e-130,1.743774730425509e-36,315.31500887783716,339.0734645772682,1.0,1.008,686.9653561832204,-35.227735011803134,-34.26345337379473,-33.89684467586254,-44.884425601065345,446.2349100318987,446.2349100318987,-300.0,-261.6330808122752,-129.198261758248,-35.75850962012144,
C4H10,CCCC,KIDA,True,neutral,0,58.07825032,4,0,0,1,0,False,508.0141484942109,521.0567704648454,C-H,0,xtb_corrected,-15.4,False,1.0,1.0,1.0962573754378242,0.0,0.0,2.201774974183568e-248,1.7006632037966596e-44,385.95408816307327,508.0141484942109,1.0,1.008,686.9653561832204,-35.215670010379846,-34.25181255255168,-33.88544868949507,-44.96286729845653,446.08531373165545,446.08531373165545,-300.0,-300.0,-247.65722706886297,-43.7693816847502,
C5H9,C=C[CH]CC,KIDA,True,neutral,0,69.07042529,5,0,0,2,0,False,394.1328,394.1328,C-H,0,literature,0.0,False,1.0,2.0,,1.366620178891732e-103,8.204059254547935e-73,1.4579674031770086e-54,2.4110631543309637e-29,252.34886044060465,217.1736910401083,1.0,1.008,686.9653561832204,-35.25168942794757,-34.28656560786723,-33.91947075501021,-44.72859558365914,446.5319237054945,446.5319237054945,-102.86435217097127,-72.08597121156181,-53.83625218574274,-28.617791413754347,394.1328
C5H9+,C=C[CH+]CC,KIDA,True,positive,1,69.06987670808999,5,0,0,2,0,False,361.57297391781447,432.61378824829353,C-H,2,xtb_corrected,-15.4,False,1.0,1.0,1.096001081721374,0.0,2.1726763372353e-311,4.716798327153961e-149,1.1861813641054298e-37,325.6084914746563,361.57297391781447,1.0,1.008,686.9653561832204,-35.2171453089331,-34.25323598260666,-33.886842182217784,-44.95327710926004,446.1036062779692,446.1036062779692,-300.0,-299.99999999999056,-148.32635269218267,-36.925848903376156,
C6H8,C#C/C=C/CC,KIDA,True,neutral,0,80.06260026,6,0,0,1,0,False,321.7,321.7,C-H,8,literature,0.0,False,1.0,2.0,,0.0,0.0,1.9808989859810785e-179,4.956309985218198e-40,346.58621375758815,409.66332368236993,1.0,1.008,686.9653561832204,-35.25168942794757,-34.28656560786723,-33.91947075501021,-44.72859558365914,446.5319237054945,446.5319237054945,-300.0,-300.0,-178.7031376703219,-39.30484153912816,321.7
C9H5+,C=C=C=C=C=[C+]C#CC,KIDA,True,positive,1,113.0385766,9,0,0,0,0,False,399.0489791176064,399.21746548453257,C-H,0,xtb_corrected,-15.4,False,1.0,0.0,1.094161534196808,0.0,0.0,2.6196715257619335e-175,1.6132172772809522e-39,342.066735966922,399.0489790257104,1.0,1.008,686.9653561832204,-35.227734282126086,-34.26345266977156,-33.89684398664719,-44.88443034602668,446.2349009845096,446.2349009845096,-300.0,-300.0,-174.58175316039484,-38.79230713541994,
C5H10,C=CCCC,KIDA,True,neutral,0,70.07825032,5,0,0,2,0,False,430.8590870255152,506.91177724015336,C-H,0,xtb_corrected,-15.4,False,1.0,1.0,1.0966143078044168,0.0,0.0,1.2210507068251796e-187,4.91106004409206e-41,355.43923868259134,430.8590870255152,1.0,1.008,686.9653561832204,-35.21361540873188,-34.249830186563514,-33.88350801587553,-44.97622250994963,446.0598382657049,446.0598382657049,-300.0,-300.0,-186.9132663006439,-40.30882475602143,
C5H11,[CH2]CCCC,KIDA,True,neutral,0,71.08607535,5,0,0,2,0,False,413.0,413.0,C-H,0,literature,0.0,False,1.0,0.0,,3.287631365891286e-19,3.670966128838464e-19,5.710022631348641e-19,1.6022532667006376e-12,104.0095165238585,36.89356918118014,1.0,1.008,686.9653561832204,-35.25168942794757,-34.28656560786723,-33.91947075501021,-44.72859558365914,446.5319237054945,446.5319237054945,-18.483116884786032,-18.435219622612987,-18.243362170449362,-11.795268834296172,413.0
C5H12,CCCCC,KIDA,True,neutral,0,72.09390038,5,0,0,2,0,False,413.0,413.0,C-H,0,literature,0.0,False,1.0,0.0,,0.0,0.0,1.8058027206374433e-243,5.069061450234308e-44,381.7716760866696,497.0635601772086,1.0,1.008,686.9653561832204,-35.25168942794757,-34.28656560786723,-33.91947075501021,-44.72859558365914,446.5319237054945,446.5319237054945,-300.0,-300.0,-242.74332969700058,-43.29507244396383,413.0
C6H12,C=CCCCC,KIDA,True,neutral,0,84.09390038,6,0,0,3,0,False,413.0,413.0,C-H,0,literature,0.0,False,1.0,2.0,,0.0,0.0,2.5777872104086174e-176,1.2075874470336144e-39,343.1758011090283,401.640805292142,1.0,1.008,686.9653561832204,-35.25168942794757,-34.28656560786723,-33.91947075501021,-44.72859558365914,446.5319237054945,446.5319237054945,-300.0,-300.0,-175.5887529353765,-38.918081410150734,413.0
C6H13,[CH2]CCCCC,KIDA,True,neutral,0,85.10172542,6,0,0,3,0,False,399.572,399.57200000000006,C-H,0,literature,0.0,False,1.0,0.0,,6.0453122023929395e-18,6.825380413940069e-18,1.118881507450768e-17,1.0185220830232588e-11,96.92663178920353,32.03987103107144,1.0,1.008,686.9653561832204,-35.25168942794757,-34.28656560786723,-33.91947075501021,-44.72859558365914,446.5319237054945,446.5319237054945,-17.218581265642698,-17.165873138122976,-16.951215903985585,-10.992029550432912,399.572
C6H14,CCCCCC,KIDA,True,neutral,0,86.10955045,6,0,0,3,0,False,413.0,413.0,C-H,0,literature,0.0,False,1.0,0.0,,0.0,0.0,9.562727475932806e-246,3.052421293981337e-44,383.71411055961624,502.13449495935527,1.0,1.008,686.9653561832204,-35.25168942794757,-34.28656560786723,-33.91947075501021,-44.72859558365914,446.5319237054945,446.5319237054945,-300.0,-300.0,-245.01941822081952,-43.515355525427395,413.0
C14H10,c1ccc2cc3ccccc3cc2c1,KIDA,True,neutral,0,178.0782503,14,0,0,0,3,False,422.584,422.584,C-H,0,literature,0.0,False,1.0,3.0,,0.0,0.0,1.7495328149960691e-280,3.816898607265674e-46,400.4939934613644,547.0115933022039,1.0,1.008,686.9653561832204,-35.25168942794757,-34.28656560786723,-33.91947075501021,-44.72859558365914,446.5319237054945,446.5319237054945,-300.0,-300.0,-279.75707790728904,-45.41828937656908,422.584
C14H10+,[CH]1[CH+]C=Cc2cc3ccccc3cc21,KIDA,True,positive,1,178.0777017,14,0,0,0,2,False,422.584,422.584,C-H,0,literature,0.0,False,1.0,3.0,,0.0,0.0,1.998592933885642e-213,2.1922832225159738e-42,367.34586197718824,460.2086961586256,1.0,1.008,686.9653561832204,-35.25168942794757,-34.28656560786723,-33.91947075501021,-44.72859558365914,446.5319237054945,446.5319237054945,-300.0,-300.0,-212.69927565238996,-41.65910333977246,422.584
H2O,O,KIDA,True,neutral,0,18.01056468,1,0,0,0,0,True,497.8968,497.8968,O-H,0,literature,0.0,True,1.0,0.0,,0.0,0.0,2.222223754661603e-185,9.23310782775785e-41,353.0216111938058,425.0177837150906,1.0,1.008,824.3584274198644,-21.46837336808709,-20.84309550639723,-20.663983925227992,-33.69427771976918,490.0,326.6666666666667,-300.0,-300.0,-184.65321221428695,-40.03465209255302,497.8968
H2O+,[OH2+],KIDA,True,positive,1,18.0100161,1,0,0,0,0,True,497.8968,497.8968,O-H,0,literature,0.0,True,1.0,0.0,,0.0,0.0,1.9322471706368049e-280,3.850136462836043e-46,400.4607896599194,546.9208947563411,1.0,1.008,824.3584274198644,-21.46837336808709,-20.84309550639723,-20.663983925227992,-33.69427771976918,490.0,326.6666666666667,-300.0,-300.0,-279.7139373199611,-45.41452387724309,497.8968
HCN,C#N,KIDA,True,neutral,0,27.010899032,2,0,1,0,0,False,518.0,518.0,C-H,0,literature,0.0,False,1.0,3.0,,0.0,0.0,5.564651437366917e-281,3.453892775365683e-46,400.8767060078208,548.0575427043441,1.0,1.008,686.9653561832204,-35.25168942794757,-34.28656560786723,-33.91947075501021,-44.72859558365914,446.5319237054945,446.5319237054945,-300.0,-300.0,-280.25456203412693,-45.46169114904703,518.0
HCN+,[CH+]=[N],KIDA,True,positive,1,27.01035045,2,0,0,0,0,False,544.1561262140372,544.1561262140372,C-H,0,xtb_corrected,-15.4,False,1.0,3.0,1.0649998097081506,0.0,0.0,1.4354348232658662e-264,5.016608754275604e-46,399.4473120300486,544.1561262140372,1.0,1.008,686.9653561832204,-35.3956026989348,-34.42541936020662,-34.0554024457617,-43.78993380426694,448.3162715432033,448.3162715432033,-300.0,-300.0,-263.84301652210763,-45.29958976831347,
HCO,[CH]=O,KIDA,True,neutral,0,29.00273965,2,0,1,0,0,True,360.0,360.0,C-H,1,literature,0.0,True,1.0,3.0,,1.9256158952292483e-30,2.099324540961889e-30,2.620412170882791e-30,1.1730633708401558e-19,166.9288550021359,95.0314478031788,1.0,1.008,686.9653561832204,-23.278569154719595,-22.735402136356928,-22.595416019763583,-36.520745363756674,446.5319237054945,297.68794913699634,-29.715430337781914,-29.677920417323424,-29.581630392091967,-18.93067852593835,360.0
HCO+,C#[O+],KIDA,True,positive,1,29.00219107,2,0,0,0,0,True,587.0208,587.0208,C-H,0,literature,0.0,True,1.0,3.0,,0.0,0.0,1.6663388259716752e-225,1.1324221109932569e-43,378.6935161790838,489.0803964821966,1.0,1.008,686.9653561832204,-23.278569154719595,-22.735402136356928,-22.595416019763583,-36.520745363756674,446.5319237054945,297.68794913699634,-300.0,-300.0,-224.7782366864296,-42.94599165945122,587.0208
HCP,C#P,KIDA,True,neutral,0,43.98158666,2,0,0,0,0,False,558.4070609264766,558.4070609264766,C-H,0,xtb_corrected,-15.4,False,1.0,2.0,1.061288930837939,0.0,0.0,6.68092192930581e-286,1.2914189499470295e-46,404.644081120307,558.4070609264766,1.0,1.008,686.9653561832204,-35.416964912710434,-34.44603056904356,-34.075579715138765,-43.650240639131205,448.5811294747135,448.5811294747135,-300.0,-300.0,-285.1751636032156,-45.888932845158735,
HCP+,[CH+]=[P],KIDA,True,positive,1,43.981038082089995,2,0,0,0,0,False,575.5874321830651,575.5874321830651,C-H,0,xtb_corrected,-15.4,False,1.0,2.0,1.0658846354158216,0.0,0.0,4.6143636663317385e-294,2.573287267043616e-47,410.82171657840274,575.5874321830651,1.0,1.008,686.9653561832204,-35.3905090934692,-34.420504825109205,-34.05059137181485,-43.82322851185867,448.253118550374,448.253118550374,-300.0,-300.0,-293.3358880868159,-46.589511728936195,
HCS,[CH]=S,KIDA,True,neutral,0,44.97989603,2,0,1,0,0,False,206.2704,206.2704,C-H,1,literature,0.0,False,1.0,3.0,,1.1999420796286122e-236,3.0091798994313656e-139,5.019943954021286e-81,2.7665230538560005e-32,278.2759089819382,264.09229878783555,1.0,1.008,686.9653561832204,-35.25168942794757,-34.28656560786723,-33.91947075501021,-44.72859558365914,446.5319237054945,446.5319237054945,-235.9208397165397,-138.5215518478216,-80.29930113157911,-31.558065706392995,206.2704
HCS+,C#[S+],KIDA,True,positive,1,44.97934745209,2,0,0,0,0,False,206.2704,206.2704,C-H,1,literature,0.0,False,1.0,3.0,,0.0,0.0,0.0,2.030947299873682e-50,438.18180921000135,654.80683679384,1.0,1.008,686.9653561832204,-35.25168942794757,-34.28656560786723,-33.91947075501021,-44.72859558365914,446.5319237054945,446.5319237054945,-300.0,-300.0,-300.0,-49.69230134575866,206.2704
HNC,[C]=N,KIDA,True,neutral,0,27.010899032,2,1,1,0,0,False,459.824,459.824,N-H,0,literature,0.0,False,1.0,2.0,,0.0,0.0,3.9075530509583935e-215,1.4344520399585617e-42,368.9702131134677,464.28764929235945,1.0,1.008,778.5607370076495,-32.22771549318302,-31.224402910572103,-30.835422448735237,-42.06615301552556,460.0,460.0,-300.0,-300.0,-214.40809511706257,-41.84331396755012,459.824
HNC+,[C+]=N,KIDA,True,positive,1,27.01035045,2,1,1,0,0,False,517.0,517.0,N-H,0,literature,0.0,False,1.0,2.0,,0.0,0.0,1.1945729824138266e-257,2.2324828158443554e-45,393.72997975717624,528.6904746417738,1.0,1.008,778.5607370076495,-32.22771549318302,-31.224402910572103,-30.835422448735237,-42.06615301552556,460.0,460.0,-300.0,-300.0,-256.9227873118904,-44.65121187533424,517.0
HNO,N=O,KIDA,True,neutral,0,31.00581365,2,1,2,0,0,True,328.8973469118961,328.8973469118961,N-H,1,xtb_corrected,-15.4,True,1.0,3.0,1.0188568491733845,2.1736562790764125e-104,2.599210223550079e-73,6.98426687442655e-55,1.7569346066944802e-29,253.5609073320485,219.26489794126405,1.0,1.008,778.5607370076495,-21.153082235786897,-20.588664122220734,-20.439494555804583,-34.564573323428725,457.7857877066539,305.19052513776927,-103.66280912993801,-72.58515859343645,-54.155879174245726,-28.755244402693812,
HNO+,N=[O+],KIDA,True,positive,1,31.00526507,2,1,2,0,0,True,265.36388880858175,265.36388880858175,N-H,1,xtb_corrected,-15.4,True,1.0,3.0,1.0188568491733845,1.830346307104037e-41,2.9461029769596563e-41,3.434044490505145e-41,1.4824780290404902e-26,227.75767644796775,176.90925920572116,1.0,1.008,778.5607370076495,-21.153082235786897,-20.588664122220734,-20.439494555804583,-34.564573323428725,457.7857877066539,305.19052513776927,-40.73746673265458,-40.53075207706442,-40.46419408254269,-25.829011734346285,
HNS+,N=[S+],KIDA,True,positive,1,46.982421452089994,2,1,2,0,0,False,319.4761960222094,319.4761960222094,N-H,1,xtb_corrected,-15.4,False,1.0,3.0,1.025999999411064,0.0,2.46536460863012e-219,3.2884232695089333e-113,1.9508688558599456e-35,306.067343375267,319.4761960222094,1.0,1.008,778.5607370076495,-31.940755745251423,-30.948785196121737,-30.566394626901083,-42.546348151323016,456.000000147234,456.000000147234,-300.0,-218.6081188427939,-112.4830122873056,-34.70977192439876,
H2CN,C=[N],KIDA,True,neutral,0,28.018724063999997,2,0,0,0,0,False,140.94574209864925,140.94574209864925,C-H,2,xtb_corrected,-15.4,False,1.0,3.0,1.098585131998977,5.262414112290824e-37,6.889420299622507e-37,8.099837314251424e-37,8.817641080000033e-24,203.29360715917153,140.94574209864925,1.0,1.008,686.9653561832204,-35.20227082384167,-34.23888445533794,-33.87279248258484,-45.04994842377966,445.91917390079345,445.91917390079345,-36.27881497920617,-36.161817319640534,-36.091523703866095,-23.05464758300435,
H2CO,C=O,KIDA,True,neutral,0,30.01056468,2,0,1,0,0,True,363.5888,363.5888,C-H,2,literature,0.0,True,1.0,3.0,,0.0,3.295425597335782e-271,6.504494687436297e-134,3.9187559771992886e-37,321.0320260544998,351.480500473031,1.0,1.008,686.9653561832204,-23.278569154719595,-22.735402136356928,-22.595416019763583,-36.520745363756674,446.5319237054945,297.68794913699634,-300.0,-270.4820884892222,-133.18678643668613,-36.40685177940411,363.5888
H2CO+,C=[O+],KIDA,True,positive,1,30.0100161,2,0,1,0,0,True,195.91894739113212,195.91894739113212,C-H,2,xtb_corrected,-15.4,True,1.0,3.0,1.1016993026204225,1.2536283964605583e-35,1.5578368563749227e-35,1.8481327874867565e-35,6.405245410804658e-23,195.6997773061994,130.61263159408807,1.0,1.008,686.9653561832204,-23.233943782741083,-22.692353548392557,-22.553109556836382,-36.87820394834658,445.69690504804623,297.13127003203084,-34.9018311790423,-34.80747802553764,-34.73326682813703,-22.193464226026013,
H2CS,C=S,KIDA,True,neutral,0,45.98772106,2,0,1,0,0,False,413.0,413.0,C-H,0,literature,0.0,False,1.0,3.0,,0.0,0.0,1.9691512617182577e-221,3.047799606946974e-43,374.9020120079004,479.3360129841064,1.0,1.008,686.9653561832204,-35.25168942794757,-34.28656560786723,-33.91947075501021,-44.72859558365914,446.5319237054945,446.5319237054945,-300.0,-300.0,-220.70572092194902,-42.516013591288534,413.0
H2CS+,C=[S+],KIDA,True,positive,1,45.98717248409,2,0,1,0,0,False,289.98929520403726,289.98929520403726,C-H,2,xtb_corrected,-15.4,False,1.0,3.0,1.102120420847802,0.0,2.586830617573583e-175,1.494761532961044e-95,8.527369211214249e-34,291.6008091910154,289.98929520403726,1.0,1.008,686.9653561832204,-35.1819208752703,-34.21924997536698,-33.85357089599889,-45.18213218618919,445.6668484208897,445.6668484208897,-300.0,-174.5872320074108,-94.8254280870585,-33.069184932874364,
H2NC+,[C+]N,KIDA,True,positive,1,28.01817548,2,1,1,0,0,False,434.32,434.32,N-H,0,literature,0.0,False,1.0,0.0,,0.0,0.0,2.058931541000866e-191,1.7260748314141714e-41,359.44358543903326,440.6218120625516,1.0,1.008,778.5607370076495,-32.22771549318302,-31.224402910572103,-30.835422448735237,-42.06615301552556,460.0,460.0,-300.0,-300.0,-190.68635809333333,-40.76294038001955,434.32
H2NO+,N[O+],KIDA,True,positive,1,32.013090104090004,2,1,1,0,0,True,446.2376673979446,446.2376673979446,N-H,0,xtb_corrected,-15.4,True,1.0,1.0,1.0189999517000694,0.0,2.6154464767836065e-179,1.7914697763346645e-97,3.2045755987251733e-34,295.34881004800627,297.49177826529643,1.0,1.008,778.5607370076495,-21.151382533043915,-20.587031992961304,-20.43789513881158,-34.568077241818266,457.75001207498264,305.1666747166551,-300.0,-178.58245416306738,-96.74679051436463,-33.49422947857456,
HOOH,OO,KIDA,True,neutral,0,34.0054793,2,2,2,0,0,True,513.7912836080841,513.7918736695183,O-H,0,xtb_corrected,-15.4,True,1.0,1.0,0.9760738038803358,0.0,7.981261359581902e-265,4.898072061513385e-131,1.1476786477599225e-36,316.9169576976913,342.5275224053894,1.0,1.008,824.3584274198644,-21.32342803541482,-20.7042246543427,-20.528206340599542,-34.14587417429154,486.7852392239329,324.52349281595525,-300.0,-264.09792846726873,-130.30997482972836,-35.94017969821116,
H3O+,[OH3+],KIDA,True,positive,1,19.01784114,1,0,0,0,0,True,497.8968,497.8968,O-H,0,literature,0.0,True,1.0,0.0,,0.0,0.0,1.9224175263227708e-244,4.079920551108813e-44,382.6029912275376,499.2306479044775,1.0,1.008,824.3584274198644,-21.46837336808709,-20.84309550639723,-20.663983925227992,-33.69427771976918,490.0,326.6666666666667,-300.0,-300.0,-243.71615228280416,-43.38934829390791,497.8968
HC2N,[CH+]=C=[N-],KIDA,True,neutral,0,39.010899032000005,3,0,0,0,0,False,460.0,460.0,C-H,0,literature,0.0,False,1.0,2.0,,0.0,0.0,5.815524540717554e-220,4.3670115448011065e-43,373.524674064374,475.8204547763701,1.0,1.008,686.9653561832204,-35.25168942794757,-34.28656560786723,-33.91947075501021,-44.72859558365914,446.5319237054945,446.5319237054945,-300.0,-300.0,-219.23541110726998,-42.3598156599594,460.0
HC2O,C#C[O],KIDA,True,neutral,0,41.00273965,3,0,0,0,0,True,404.5928,404.5928,C-H,0,literature,0.0,False,1.0,2.0,,0.0,0.0,8.71544005686841e-263,7.356635989555146e-46,397.9811680815984,540.168881679778,1.0,1.008,686.9653561832204,-35.25168942794757,-34.28656560786723,-33.91947075501021,-44.72859558365914,446.5319237054945,446.5319237054945,-300.0,-300.0,-262.0597106797594,-45.133320732558644,404.5928
HC2S+,[CH+]=C=S,KIDA,True,positive,1,56.97934745209,3,0,1,0,0,False,613.3299296708723,613.3299296708723,C-H,0,xtb_corrected,-15.4,False,1.0,2.0,1.0641531802132869,0.0,0.0,0.0,8.077048996821625e-49,424.07709933862674,613.3299296708723,1.0,1.008,686.9653561832204,-35.40047643138143,-34.4301217524032,-34.06000584020661,-43.75807136346482,448.3766983435942,448.3766983435942,-300.0,-300.0,-300.0,-48.092747282602794,
l-C3H,[C-]=C=[CH+],KIDA,True,neutral,0,37.00782503,3,0,0,0,0,False,413.0,413.0,C-H,0,literature,0.0,False,1.0,2.0,,0.0,0.0,8.462908065863791e-186,8.210343790572541e-41,353.47120569038196,426.1010450795292,1.0,1.008,686.9653561832204,-35.25168942794757,-34.28656560786723,-33.91947075501021,-44.72859558365914,446.5319237054945,446.5319237054945,-300.0,-300.0,-185.07248037692065,-40.085638657347964,413.0
HCNH+,[CH+]=N,KIDA,True,positive,1,28.01817548,2,1,1,0,0,False,660.0,684.5110014805201,N-H,0,literature,0.0,False,1.0,2.0,,0.0,0.0,0.0,7.219533666972958e-52,450.96061927547015,693.5563513887768,1.0,1.008,778.5607370076495,-32.22771549318302,-31.224402910572103,-30.835422448735237,-42.06615301552556,460.0,460.0,-300.0,-300.0,-300.0,-51.14149085400947,660.0
HCNO,C#[N+][O-],KIDA,True,neutral,0,43.00581365,3,0,1,0,0,True,292.88,292.88,C-H,1,literature,0.0,False,1.0,3.0,,0.0,0.0,4.322656231817466e-288,8.359351069141133e-47,406.30973497396184,563.0137127879985,1.0,1.008,686.9653561832204,-35.25168942794757,-34.28656560786723,-33.91947075501021,-44.72859558365914,446.5319237054945,446.5319237054945,-300.0,-300.0,-287.36424930126043,-46.07782743524398,292.88
HCNO+,C#[N+][O],KIDA,True,positive,1,43.00526507,3,0,0,0,0,True,695.8248479655745,695.8248479655745,C-H,0,xtb_corrected,-15.4,False,1.0,3.0,1.0626861583788645,0.0,0.0,0.0,5.955800903644906e-52,451.6975222469903,695.8248479655745,1.0,1.008,686.9653561832204,-35.40892155143464,-34.438269977657264,-34.067982517711975,-43.70284921568487,448.481404636129,448.481404636129,-300.0,-300.0,-300.0,-51.22505982869918,
HCNS,C#[N+][S-],KIDA,True,neutral,0,58.98297003,3,0,1,0,0,False,459.1082500170001,459.1082500170001,C-H,0,xtb_corrected,-15.4,False,1.0,3.0,1.0640738188500265,0.0,0.0,5.779304772639485e-213,2.4588604024473148e-42,366.9064023522654,459.1082500170001,1.0,1.008,686.9653561832204,-35.40093328576203,-34.43056254568975,-34.060437353499786,-43.75508439099711,448.3823626315568,448.3823626315568,-300.0,-300.0,-212.23812440233488,-41.60926612688055,
HOCO+,O=[C+]O,KIDA,True,positive,1,44.99710569,3,1,1,0,0,True,708.0434915585399,708.0434915585399,O-H,0,xtb_corrected,-15.4,True,1.0,0.0,0.977806554588174,0.0,0.0,2.243446839731783e-218,6.445978645752229e-43,372.0335270744575,472.02899437235993,1.0,1.008,824.3584274198644,-21.307804103360468,-20.6892555387425,-20.513569850839666,-34.194312547060065,486.4386890823651,324.29245938824346,-300.0,-300.0,-217.64908421696427,-42.19071113755272,587.0208
HDCO,[2H]C=O,KIDA,True,neutral,0,31.01684143,2,0,1,0,0,True,363.5888,363.5888,C-H,2,literature,0.0,True,1.0,3.0,,0.0,0.0,7.099360298275177e-214,3.4552702351738684e-52,227.11660754384093,351.4805002892452,1.0,2.014,686.9653561832204,-23.278569154719595,-22.735402136356928,-22.595416019763583,-51.62250793050806,446.5319237054945,297.68794913699634,-300.0,-300.0,-213.14878078247042,-51.46151798098,363.5888
HNCO+,N=C=[O+],KIDA,True,positive,1,43.00526507,3,1,2,0,0,True,458.56,458.56,N-H,0,literature,0.0,False,1.0,2.0,,0.0,0.0,0.0,3.4828252397596114e-51,444.9342667891885,675.1437095784389,1.0,1.008,778.5607370076495,-32.22771549318302,-31.224402910572103,-30.835422448735237,-42.06615301552556,460.0,460.0,-300.0,-300.0,-300.0,-50.458068316903294,458.56
HNCS,N=C=S,KIDA,True,neutral,0,58.98297003,3,1,2,0,0,False,460.24,460.24,N-H,0,literature,0.0,False,1.0,2.0,,0.0,0.0,5.189350095556701e-208,8.500546155721252e-42,362.15608466494047,447.29710710218393,1.0,1.008,778.5607370076495,-32.22771549318302,-31.224402910572103,-30.835422448735237,-42.06615301552556,460.0,460.0,-300.0,-300.0,-207.28488702896985,-41.07055317019205,460.24
HNCS+,N=C=[S+],KIDA,True,positive,1,58.982421452089994,3,1,2,0,0,False,534.2913495200422,534.2913495200422,N-H,0,xtb_corrected,-15.4,False,1.0,2.0,1.024767589214417,0.0,0.0,3.7158914390429944e-260,1.2968710643536505e-45,395.81004617453385,534.2913495200422,1.0,1.008,778.5607370076495,-31.962857823086992,-30.97001364689518,-30.58711586034748,-42.50959616645297,456.30810269639574,456.30810269639574,-300.0,-300.0,-259.42993698254526,-44.88710319956991,
HOCN,N#CO,KIDA,True,neutral,0,43.00581365,3,1,2,0,0,True,460.24,460.24,O-H,0,literature,0.0,True,1.0,0.0,,0.0,5.90211762640939e-207,1.8457636264120848e-107,2.441959635405668e-34,296.3896049324476,299.5921657889226,1.0,1.008,824.3584274198644,-21.46837336808709,-20.84309550639723,-20.663983925227992,-33.69427771976918,490.0,326.6666666666667,-300.0,-206.22899213946644,-106.73382391670003,-33.61226151904202,460.24
HOCN+,[N]=[C+]O,KIDA,True,positive,1,43.00526507,3,1,0,0,0,True,569.0285463366463,569.0285463366463,O-H,0,xtb_corrected,-15.4,True,1.0,0.0,0.9727472635700498,0.0,0.0,2.267359394932703e-155,1.503765328149366e-38,333.51789349131747,379.35236422443086,1.0,1.008,824.3584274198644,-21.35342352641859,-20.73296302078861,-20.556305676805717,-34.05274898171217,487.45054728599007,324.9670315239934,-300.0,-300.0,-154.64447963520422,-37.822819932788086,
HOCS+,O[C+]=S,KIDA,True,positive,1,60.97426207,3,1,1,0,0,True,460.24,460.24,O-H,0,literature,0.0,True,1.0,0.0,,0.0,2.1569399648552438e-174,4.1498133673309003e-95,1.0702366614852148e-33,290.73079310316143,288.2614606318814,1.0,1.008,824.3584274198644,-21.46837336808709,-20.84309550639723,-20.663983925227992,-33.69427771976918,490.0,326.6666666666667,-300.0,-173.6661619426559,-94.38197143470019,-32.97052017613506,460.24
HONC,[C-]#[N+]O,KIDA,True,neutral,0,43.00581365,3,1,1,0,0,True,460.24,460.24,O-H,0,literature,0.0,True,1.0,1.0,,0.0,2.3411797531707087e-212,5.685735712185247e-110,8.034480805603751e-35,300.6467171774174,308.26019509994853,1.0,1.008,824.3584274198644,-21.46837336808709,-20.84309550639723,-20.663983925227992,-33.69427771976918,490.0,326.6666666666667,-300.0,-211.6305652403772,-109.24521333131584,-34.09504218244098,460.24
HONC+,[C]#[N+]O,KIDA,True,positive,1,43.00526507,3,1,1,0,0,True,460.24,460.24,O-H,0,literature,0.0,True,1.0,1.0,,0.0,2.5440537e-317,1.135234996584562e-151,5.013967728864242e-38,328.9061181678243,368.9337795800431,1.0,1.008,824.3584274198644,-21.46837336808709,-20.84309550639723,-20.663983925227992,-33.69427771976918,490.0,326.6666666666667,-300.0,-300.0,-150.94491422908223,-37.29981846559545,460.24
HSO2+,O=S=[OH+],KIDA,True,positive,1,64.96917669,3,0,1,0,0,True,460.24,460.24,O-H,0,literature,0.0,True,1.0,3.0,,,,,,,,1.0,1.008,824.3584274198644,-21.46837336808709,-20.84309550639723,-20.663983925227992,-33.69427771976918,490.0,326.6666666666667,,,,,460.24
l-C3H2,[C-]#C[CH2+],KIDA,True,neutral,0,38.01565006,3,0,0,0,0,False,382.8356,382.8356,C-H,0,literature,0.0,False,1.0,0.0,,0.0,0.0,1.7129857541617422e-207,9.687685484618871e-42,361.65546418159306,446.0613342784563,1.0,1.008,686.9653561832204,-35.25168942794757,-34.28656560786723,-33.91947075501021,-44.72859558365914,446.5319237054945,446.5319237054945,-300.0,-300.0,-206.76624624877687,-41.013779969215925,382.8356
l-C3H2+,[C+]=C=C,KIDA,True,positive,1,38.01510148409,3,0,0,0,0,False,411.7092443420782,411.7092443420782,C-H,0,xtb_corrected,-15.4,False,1.0,2.0,1.0822728385406295,0.0,0.0,3.1859832840813297e-180,3.954882013522678e-40,347.4505879093891,411.7092443420782,1.0,1.008,686.9653561832204,-35.29616999471238,-34.329482358117104,-33.961484602181166,-44.43892631625744,447.0834372612193,447.0834372612193,-300.0,-300.0,-179.4967565071445,-39.40286646833327,
H2CCS,C=C=S,KIDA,True,neutral,0,57.98772106,3,0,1,0,0,False,411.8489084735825,411.8489084735825,C-H,0,xtb_corrected,-15.4,False,1.0,2.0,1.0828852986495785,0.0,0.0,2.812395573510986e-180,3.894491685212579e-40,347.5095157456767,411.8489084735825,1.0,1.008,686.9653561832204,-35.292644410393386,-34.32608072297533,-33.958154540277356,-44.46190060447998,447.0397239191076,447.0397239191076,-300.0,-300.0,-179.55092359428144,-39.409549219047506,
H2CSH+,C[S+],KIDA,True,positive,1,46.994997516089995,2,0,0,0,0,False,397.48,397.48,C-H,0,literature,0.0,False,1.0,1.0,,0.0,1.5415645554831706e-210,3.979238777631099e-109,1.1662934714806563e-34,299.21953961171903,305.3405036362585,1.0,1.008,686.9653561832204,-35.25168942794757,-34.28656560786723,-33.91947075501021,-44.72859558365914,446.5319237054945,446.5319237054945,-300.0,-209.8120382837801,-108.40019999985934,-33.93319215540208,397.48
H2COH+,[CH2+]O,KIDA,True,positive,1,31.01784114,2,1,1,0,0,True,436.0,461.44317655401136,C-H,0,literature,0.0,True,1.0,1.0,,0.0,3.957131057529771e-264,1.008255430817868e-130,1.291166481534852e-36,316.46581674642937,341.5530197746894,1.0,1.008,686.9653561832204,-23.278569154719595,-22.735402136356928,-22.595416019763583,-36.520745363756674,446.5319237054945,297.68794913699634,-300.0,-263.40261956595344,-129.99642943005142,-35.88901775668753,436.0
HCCNC,[C-]#[N+]C#C,KIDA,True,neutral,0,51.01089903,4,0,0,0,0,False,484.7,484.7,C-H,0,literature,0.0,False,1.0,2.0,,0.0,0.0,1.0530722525951168e-306,2.2084071688422096e-48,420.2252069810116,602.2387782485541,1.0,1.008,686.9653561832204,-35.25168942794757,-34.28656560786723,-33.91947075501021,-44.72859558365914,446.5319237054945,446.5319237054945,-300.0,-300.0,-299.9999995426568,-47.6559208517404,484.7
HC3N,C#CC#N,KIDA,True,neutral,0,51.01089903,4,0,1,0,0,False,518.0,518.0,C-H,0,literature,0.0,False,1.0,2.0,,0.0,0.0,7.823012687715701e-305,3.165954265260701e-48,418.8458624600938,598.2916974370623,1.0,1.008,686.9653561832204,-35.25168942794757,-34.28656560786723,-33.91947075501021,-44.72859558365914,446.5319237054945,446.5319237054945,-300.0,-300.0,-299.9999660264164,-47.49949536315919,518.0
HC3O,C#C[C]=O,KIDA,True,neutral,0,53.00273965,4,0,1,0,0,True,404.5928,404.5928,C-H,0,literature,0.0,False,1.0,2.0,,0.0,3.7334560388180365e-264,9.821429335151825e-131,1.2856469093913874e-36,316.48222274429014,341.58843379454277,1.0,1.008,686.9653561832204,-35.25168942794757,-34.28656560786723,-33.91947075501021,-44.72859558365914,446.5319237054945,446.5319237054945,-300.0,-263.4278889580926,-130.00782530374082,-35.89087828985535,404.5928
HC3O+,C#CC#[O+],KIDA,True,positive,1,53.00219107,4,0,0,0,0,True,684.2849205213837,684.2849205213837,C-H,0,xtb_corrected,-15.4,False,1.0,2.0,1.0646922908438368,0.0,0.0,0.0,1.5903321407787938e-51,447.93626703349327,684.2849205213837,1.0,1.008,686.9653561832204,-35.39737297023248,-34.427127396064684,-34.057074523261896,-43.778361064573,448.338220200961,448.338220200961,-300.0,-300.0,-300.0,-50.79851216382834,
HC3S+,C#CC#[S+],KIDA,True,positive,1,68.97934745,4,0,0,0,0,False,655.8380304081444,655.8380304081444,C-H,0,xtb_corrected,-15.4,False,1.0,2.0,1.0625980782598234,0.0,0.0,0.0,1.8560350967263472e-50,438.5266991103545,655.8380304081444,1.0,1.008,686.9653561832204,-35.40942859793344,-34.438759198566146,-34.06846143861609,-43.69953320589965,448.48769121107586,448.48769121107586,-300.0,-300.0,-300.0,-49.73141381574082,
HCNCC,[C-]#C[N+]#C,KIDA,True,neutral,0,51.01089903,4,0,0,0,0,False,455.02866898443295,455.02866898443295,C-H,0,xtb_corrected,-15.4,False,1.0,3.0,1.0656138212474726,0.0,0.0,2.9645850404033383e-211,3.7671582830616296e-42,365.2726216410824,455.02866898443295,1.0,1.008,686.9653561832204,-35.39206806684235,-34.42200899131287,-34.052063872502735,-43.81303873497574,448.27244747027714,448.27244747027714,-300.0,-300.0,-210.52803608721538,-41.4239861318498,
HCOCN,N#CC=O,KIDA,True,neutral,0,55.00581365,4,0,2,0,0,True,400.752952953368,400.752952953368,C-H,0,xtb_corrected,-15.4,True,1.0,4.0,1.1008331258936033,3.638458838216265e-239,1.2539745203700596e-140,1.0078350394173651e-81,1.8140989876934807e-32,279.89199496572195,267.1686353022453,1.0,1.008,686.9653561832204,-23.237247641901803,-22.695540668835825,-22.55624177666245,-36.851765171122864,445.7587270002606,297.1724846668404,-238.43908253387613,-139.90171128788737,-80.99661054659438,-31.741339019020053,
HNCCC,[C-]#C[C+]=N,KIDA,True,neutral,0,51.01089903,4,1,1,0,0,False,631.79,631.79,N-H,0,literature,0.0,False,1.0,2.0,,0.0,0.0,4.4306900541118756e-179,5.47531075171035e-40,346.2048367768066,408.7622480154736,1.0,1.008,778.5607370076495,-32.22771549318302,-31.224402910572103,-30.835422448735237,-42.06615301552556,460.0,460.0,-300.0,-300.0,-178.35352862967883,-39.26159122736945,631.79
HOCHN,N=CO,KIDA,True,neutral,0,45.02146372,3,2,1,0,0,True,465.8988417257146,486.88166568982666,O-H,0,xtb_corrected,-15.4,True,1.0,0.0,0.9674157048909884,0.0,8.188893536488345e-214,1.1980681813386585e-110,5.968266467495764e-35,301.7851929992384,310.59922781714306,1.0,1.008,824.3584274198644,-21.401500001001857,-20.77902464350797,-20.601341864927047,-33.90312957791233,488.5168590218024,325.6779060145349,-300.0,-213.08677477509676,-109.921518465806,-34.22415179498921,
H2C3O+,C=C=C=[O+],KIDA,True,positive,1,54.0100161,4,0,1,0,0,True,280.1795702172141,280.1795712739762,C-H,2,xtb_corrected,-15.4,False,1.0,2.0,1.0844650995912517,7.37723011347623e-299,4.436559531213593e-170,4.9798480653426186e-93,3.1257716174769526e-33,286.62625915503105,280.1795723307383,1.0,1.008,686.9653561832204,-35.283550414550305,-34.31730644595068,-33.94956487499367,-44.52114944107911,446.926968201596,446.926968201596,-298.1262592536351,-169.35295368659988,-92.30278390731857,-32.505042756608866,
l-C3H3+,C#C[CH2+],KIDA,True,positive,1,39.02292651609,3,0,0,0,0,False,516.0078316848095,568.0043470797197,C-H,0,xtb_corrected,-15.4,False,1.0,0.0,1.082947906273052,0.0,0.0,5.737099429227592e-252,7.719751425924463e-45,388.97876057142554,516.0078316848095,1.0,1.008,686.9653561832204,-35.29228401416659,-34.325732997228236,-33.95781413089218,-44.46424896489897,447.0352554020177,447.0352554020177,-300.0,-300.0,-251.24130762332817,-44.112396683613404,
HC2NCH+,C#C[N+]#C,KIDA,True,positive,1,52.018175484089994,4,0,0,0,0,False,663.2029037179956,666.2979566564312,C-H,0,xtb_corrected,-15.4,False,1.0,2.0,1.064496623947468,0.0,0.0,0.0,9.775319828972068e-51,440.982089660437,663.2029037179956,1.0,1.008,686.9653561832204,-35.39849935204961,-34.42821417896026,-34.058138426525325,-43.77099727127107,448.35218560679874,448.35218560679874,-300.0,-300.0,-300.0,-50.00986902445021,
HC4N,C#C[C+]=C=[N-],KIDA,True,neutral,0,63.01089903,5,0,0,0,0,False,427.0,427.0,C-H,0,literature,0.0,False,1.0,2.0,,0.0,0.0,1.525311858216088e-220,3.7877023203469775e-43,374.0696953179833,477.2100361271285,1.0,1.008,686.9653561832204,-35.25168942794757,-34.28656560786723,-33.91947075501021,-44.72859558365914,446.5319237054945,446.5319237054945,-300.0,-300.0,-219.81664135339528,-42.42162416000422,427.0
HC4N+,C#C[C+]=C=[N],KIDA,True,positive,1,63.010350452089995,5,0,0,0,0,False,460.0,460.0,C-H,0,literature,0.0,False,1.0,2.0,,0.0,0.0,1.1433885552332155e-293,2.780321914403372e-47,410.5253750290434,574.7573448481742,1.0,1.008,686.9653561832204,-35.25168942794757,-34.28656560786723,-33.91947075501021,-44.72859558365914,446.5319237054945,446.5319237054945,-300.0,-300.0,-292.94180612119476,-46.55590491719158,460.0
HC4O+,C#C[C+]=C=O,KIDA,True,positive,1,65.00219107,5,0,1,0,0,True,614.8911414426598,614.8911414426598,C-H,0,xtb_corrected,-15.4,False,1.0,2.0,1.06544488686415,0.0,0.0,0.0,7.015883072240529e-49,424.6164936685301,614.8911414426598,1.0,1.008,686.9653561832204,-35.39304055774917,-34.422947293404995,-34.052982421444135,-43.806682079676904,448.2845048865639,448.2845048865639,-300.0,-300.0,-300.0,-48.15391765759867,
HC4S+,C#C[C+]=C=S,KIDA,True,positive,1,80.97934745,5,0,1,0,0,False,599.0796648258789,599.0796648258789,C-H,0,xtb_corrected,-15.4,False,1.0,2.0,1.0653281550369122,0.0,0.0,3.3101037255305107e-305,2.9460209271543386e-48,419.1215877346166,599.0796648258789,1.0,1.008,686.9653561832204,-35.39371253860532,-34.4235956501608,-34.053617128922795,-43.802289586010666,448.2928364304878,448.2928364304878,-300.0,-300.0,-299.9999856246401,-47.53076417245762,
H2C4N+,C=C=[C+]C#N,KIDA,True,positive,1,64.01817548,5,0,1,0,0,False,479.588452272872,479.588452272872,C-H,0,xtb_corrected,-15.4,False,1.0,2.0,1.084361205041816,0.0,0.0,1.5442687842805026e-221,2.9702464608973392e-43,375.000718904102,479.588452272872,1.0,1.008,686.9653561832204,-35.284148474238975,-34.31788347954601,-33.95012976802126,-44.51725350545943,446.9343835057385,446.9343835057385,-300.0,-300.0,-220.81127710725772,-42.52720751291618,
C2H3CO+,C=[C+]C=O,KIDA,True,positive,1,55.01784114,4,0,1,1,0,True,458.5313381059416,557.300923996101,C-H,0,xtb_corrected,-15.4,True,1.0,4.0,1.101159285187198,0.0,9.37024379156856e-211,3.157241942961532e-109,1.115652147212792e-34,299.3895402747405,305.6875587372944,1.0,1.008,686.9653561832204,-23.23600357104877,-22.69434055602652,-22.555062337532636,-36.86172119920118,445.7354479122425,297.15696527482834,-300.0,-210.02824910965057,-108.5006921363634,-33.9524711943724,
H3C4N+,C[C+]=[C]C#N,KIDA,True,positive,1,65.02600052,5,0,1,0,0,False,339.29563366525446,339.29563367225643,C-H,3,xtb_corrected,-15.4,False,1.0,0.0,1.094156917146359,0.0,1.6156448478403678e-262,5.372793823701013e-130,1.6973733536947324e-36,315.41829295395286,339.29563367313165,1.0,1.008,686.9653561832204,-35.22776085926524,-34.26347831251602,-33.89686909004417,-44.88425751949645,446.2352305189607,446.2352305189607,-300.0,-261.7916540999813,-129.26979982478528,-35.77022261990072,
HC6N,C#CC#C[C+]=C=[N-],KIDA,True,neutral,0,87.01089903,7,0,0,0,0,False,484.0049150699337,484.0049150699337,C-H,0,xtb_corrected,-15.4,False,1.0,2.0,1.0649972075361285,0.0,0.0,2.2001925278931143e-223,1.894208073125941e-43,376.7234264640965,484.0049150699337,1.0,1.008,686.9653561832204,-35.39561767866328,-34.425433813309475,-34.05541659459262,-43.789835880430424,448.31645726899046,448.31645726899046,-300.0,-300.0,-222.65753931456726,-42.72257231675456,
HC6N+,C#CC#C[C+]=C=[N],KIDA,True,positive,1,87.01035045,7,0,0,0,0,False,555.9468116345581,555.9468116345581,C-H,0,xtb_corrected,-15.4,False,1.0,2.0,1.0649972075361285,0.0,0.0,9.867979038448318e-285,1.6303028082130921e-46,403.7516996157906,555.9468116345581,1.0,1.008,686.9653561832204,-35.39561767866328,-34.425433813309475,-34.05541659459262,-43.789835880430424,448.31645726899046,448.31645726899046,-300.0,-300.0,-284.00577178170926,-45.787731723373774,
HCOOCH3,COC=O,KIDA,True,neutral,0,60.021129368,4,0,2,1,0,True,487.21284084867096,493.4528988971458,C-H,0,xtb_corrected,-15.4,True,1.0,5.0,1.1010626811634316,0.0,1.199697722321321e-222,9.597328142674163e-115,1.0040540540092473e-35,308.61105202217857,324.8085605657806,1.0,1.008,686.9653561832204,-23.236372048085453,-22.69469601328057,-22.555411671622817,-36.85877241879605,445.7423428669972,297.1615619113315,-300.0,-221.92092816567313,-114.01784965596039,-34.998242905989784,
H5C2O2+,COC=[O+],KIDA,True,positive,1,60.02058079,4,0,2,1,0,True,90.2679731873349,217.96329580165653,C-H,4,xtb_corrected,-15.4,True,1.0,5.0,1.1010626811634316,2.384673085155226e-24,2.5575033111074075e-24,3.4824739195137644e-24,8.620542936370162e-16,132.83696903817687,60.17864879155661,1.0,1.008,686.9653561832204,-23.236372048085453,-22.69469601328057,-22.555411671622817,-36.85877241879605,445.7423428669972,297.1615619113315,-23.622571149975872,-23.592183795350017,-23.458112127353008,-15.064465380713099,
H5C3O+,[CH+]=CCO,KIDA,True,positive,1,57.0334912,4,1,1,1,0,True,321.6140697600791,367.9523244730998,C-H,4,xtb_corrected,-15.4,False,1.0,3.0,1.085902160849269,0.0,1.1570585870707866e-220,7.966981432116176e-114,1.493778252977455e-35,307.08970798726403,321.6140697600791,1.0,1.008,686.9653561832204,-35.27527811211508,-34.30932497478458,-33.94175132687827,-44.575030143092704,446.8244002963735,446.8244002963735,-300.0,-219.93664465021214,-113.09870619500198,-34.82571386748441,
HC7N,C#CC#CC#CC#N,KIDA,True,neutral,0,99.01089903,8,0,1,0,0,False,569.02,569.02,C-H,0,literature,0.0,False,1.0,2.0,,0.0,0.0,4.82e-321,2.1226016565397063e-48,420.37696878919127,602.6738466268196,1.0,1.008,686.9653561832204,-35.25168942794757,-34.28656560786723,-33.91947075501021,-44.72859558365914,446.5319237054945,446.5319237054945,-300.0,-300.0,-300.0,-47.67313150117022,569.02
HC8N,C#CC#CC#C[C+]=C=[N-],KIDA,True,neutral,0,111.010899,9,0,0,0,0,False,489.764130503054,489.764130503054,C-H,0,xtb_corrected,-15.4,False,1.0,2.0,1.0649868832022764,0.0,0.0,8.633032922922997e-226,1.0568165192106325e-43,378.9581303520193,489.764130503054,1.0,1.008,686.9653561832204,-35.39567711198239,-34.42549115719754,-34.05547273125617,-43.78944735901191,448.3171941514929,448.3171941514929,-300.0,-300.0,-225.06383660286082,-42.97600040683756,
HC8N+,C#CC#CC#C[C+]=C=[N],KIDA,True,positive,1,111.0103505,9,0,0,0,0,False,547.0833727761362,547.0833727761362,C-H,0,xtb_corrected,-15.4,False,1.0,2.0,1.0649868832022764,0.0,0.0,1.6172625023864227e-280,3.790799386547126e-46,400.520269235558,547.0833727787573,1.0,1.008,686.9653561832204,-35.39567711198239,-34.42549115719754,-34.05547273125617,-43.78944735901191,448.3171941514929,448.3171941514929,-300.0,-300.0,-279.79121948282375,-45.4212691983277,
HC9N,C#CC#CC#CC#CC#N,KIDA,True,neutral,0,123.010899,10,0,1,0,0,False,574.89,574.89,C-H,0,literature,0.0,False,1.0,2.0,,0.0,0.0,8.752931726901382e-304,3.876156187770903e-48,418.070798637302,596.0794984118104,1.0,1.008,686.9653561832204,-35.25168942794757,-34.28656560786723,-33.91947075501021,-44.72859558365914,446.5319237054945,446.5319237054945,-300.0,-300.0,-299.9996200312728,-47.41159873159021,574.89
HC10N+,C#CC#CC#CC#C[C+]=C=[N],KIDA,True,positive,1,135.0103505,11,0,0,0,0,False,542.1905419160823,542.1905419160823,C-H,0,xtb_corrected,-15.4,False,1.0,2.0,1.0649832140724536,0.0,0.0,1.0864910349235203e-263,6.057579906051791e-46,398.72522361518975,542.1905419160823,1.0,1.008,686.9653561832204,-35.39569823378737,-34.42551153644677,-34.0554926814739,-43.78930928353388,448.31745602965424,448.31745602965424,-300.0,-300.0,-262.9639738528679,-45.21770084833722,
ND,[2H][N],KIDA,True,neutral,0,16.01717578,1,0,0,0,0,False,331.8,331.8,N-H,1,literature,0.0,False,1.0,0.0,,,,,,,,1.0,1.008,778.5607370076495,-32.22771549318302,-31.224402910572103,-30.835422448735237,-59.46100760049104,460.0,460.0,,,,,331.8
NH,[NH],KIDA,True,neutral,0,15.01089903,1,0,0,0,0,False,331.8,331.8,N-H,1,literature,0.0,False,1.0,0.0,,,,,,,,1.0,1.008,778.5607370076495,-32.22771549318302,-31.224402910572103,-30.835422448735237,-42.06615301552556,460.0,460.0,,,,,331.8
NH+,[NH+],KIDA,True,positive,1,15.01035045,1,0,0,0,0,False,331.8,331.8,N-H,1,literature,0.0,False,1.0,0.0,,,,,,,,1.0,1.008,778.5607370076495,-32.22771549318302,-31.224402910572103,-30.835422448735237,-42.06615301552556,460.0,460.0,,,,,331.8
N2H,[N]=N,KIDA,True,neutral,0,29.01397303,2,1,1,0,0,False,376.56,376.56,N-H,1,literature,0.0,False,1.0,3.0,,6.650548508667571e-38,9.037617808938764e-38,1.0578180644382875e-37,2.4247020297278537e-24,208.2377518785308,147.8847698708905,1.0,1.008,778.5607370076495,-32.22771549318302,-31.224402910572103,-30.835422448735237,-42.06615301552556,460.0,460.0,-37.177142534476765,-37.0439460284594,-36.97558902077432,-23.615341623987906,376.56
NH2,[NH2],KIDA,True,neutral,0,16.01872406,1,0,0,0,0,False,416.304,416.304,N-H,0,literature,0.0,False,1.0,0.0,,0.0,0.0,3.791035160236193e-262,8.440031636416784e-46,397.45504970093674,538.7416536940962,1.0,1.008,778.5607370076495,-32.22771549318302,-31.224402910572103,-30.835422448735237,-42.06615301552556,460.0,460.0,-300.0,-300.0,-261.42124218765855,-45.07365592547204,416.304
NH2+,[NH2+],KIDA,True,positive,1,16.01817548,1,0,0,0,0,False,443.0,443.0,N-H,0,literature,0.0,False,1.0,0.0,,0.0,0.0,0.0,3.881694301323269e-51,444.5190349299796,673.8841510978532,1.0,1.008,778.5607370076495,-32.22771549318302,-31.224402910572103,-30.835422448735237,-42.06615301552556,460.0,460.0,-300.0,-300.0,-300.0,-50.41097866999766,443.0
NHD,[2H][NH],KIDA,True,neutral,0,17.025000809999998,1,0,0,0,0,False,397.0,397.0,N-H,0,literature,0.0,False,1.0,0.0,,0.0,0.0,0.0,1.9402212694723968e-64,281.1826710249148,538.7416537859887,1.0,2.014,778.5607370076495,-32.22771549318302,-31.224402910572103,-30.835422448735237,-59.46100760049104,460.0,460.0,-300.0,-300.0,-300.0,-63.71214873881663,397.0
N2H2,N=N,KIDA,True,neutral,0,30.02179806,2,2,2,0,0,False,349.0,349.0,N-H,2,literature,0.0,False,1.0,3.0,,0.0,4.501955454719e-311,6.507207976093486e-149,1.2422220133179817e-37,325.431709091757,361.18046339276736,1.0,1.008,778.5607370076495,-32.22771549318302,-31.224402910572103,-30.835422448735237,-42.06615301552556,460.0,460.0,-300.0,-299.99999999998045,-148.18660531261048,-36.90580077892413,349.0
NH3,N,KIDA,True,neutral,0,17.0265491,1,1,1,0,0,False,435.0,435.0,N-H,0,literature,0.0,False,1.0,0.0,,0.0,0.0,1.7140334925448606e-292,3.503496363396634e-47,409.6399996430301,572.2808730223395,1.0,1.008,778.5607370076495,-32.22771549318302,-31.224402910572103,-30.835422448735237,-42.06615301552556,460.0,460.0,-300.0,-300.0,-291.76598069359824,-46.45549832896464,435.0
NH3+,[NH3+],KIDA,True,positive,1,17.02600052,1,1,1,0,0,False,443.93,443.93,N-H,0,literature,0.0,False,1.0,0.0,,0.0,0.0,0.0,5.0242200787496916e-51,443.5310126777604,670.8918266243304,1.0,1.008,778.5607370076495,-32.22771549318302,-31.224402910572103,-30.835422448735237,-42.06615301552556,460.0,460.0,-300.0,-300.0,-300.0,-50.29893134520773,443.93
NH2CN,N#CN,KIDA,True,neutral,0,42.021798063999995,3,1,2,0,0,False,418.0,418.0,N-H,0,literature,0.0,False,1.0,0.0,,0.0,0.0,2.0728481424933982e-222,2.4010652987413628e-43,375.8153917196937,481.6744859937126,1.0,1.008,778.5607370076495,-32.22771549318302,-31.224402910572103,-30.835422448735237,-42.06615301552556,460.0,460.0,-300.0,-300.0,-221.68343251329102,-42.61959602882368,418.0
NH4+,[NH4+],KIDA,True,positive,1,18.03382555,1,1,0,0,0,False,444.0,444.0,N-H,0,literature,0.0,False,1.0,0.0,,0.0,0.0,0.0,6.020260021903881e-51,442.83839655870383,668.7981390747738,1.0,1.008,778.5607370076495,-32.22771549318302,-31.224402910572103,-30.835422448735237,-42.06615301552556,460.0,460.0,-300.0,-300.0,-300.0,-50.22038475066256,444.0
N2H4,NN,KIDA,True,neutral,0,32.03744813,2,2,2,0,0,False,391.0,391.0,N-H,0,literature,0.0,False,1.0,1.0,,0.0,0.0,1.0954461153635689e-181,2.611592877567636e-40,349.03982112214794,415.48416032251185,1.0,1.008,778.5607370076495,-32.22771549318302,-31.224402910572103,-30.835422448735237,-42.06615301552556,460.0,460.0,-300.0,-300.0,-180.96040898038152,-39.58309452448988,391.0
NH2CDO,[2H]C(=N)O,KIDA,True,neutral,0,46.02774046,3,2,1,0,0,True,395.0,449.7642070703323,N-H,0,literature,0.0,False,1.0,2.0,,0.0,0.0,1.3379289847657762e-186,3.555001833470597e-49,213.82208158805383,311.536227970375,1.0,2.014,778.5607370076495,-32.22771549318302,-31.224402910572103,-30.835422448735237,-59.46100760049104,460.0,460.0,-300.0,-300.0,-185.87356693764656,-48.44916017094942,395.0
NH2CNH+,N#C[NH3+],KIDA,True,positive,1,43.02907451608999,3,1,1,0,0,False,409.0,409.0,N-H,0,literature,0.0,False,1.0,0.0,,0.0,0.0,3.3763897324376867e-243,5.386408788468668e-44,381.53913256231345,496.4582051140694,1.0,1.008,778.5607370076495,-32.22771549318302,-31.224402910572103,-30.835422448735237,-42.06615301552556,460.0,460.0,-300.0,-300.0,-242.47154742908486,-43.268700689944325,409.0
NH2CHS,N=CS,KIDA,True,neutral,0,60.998620096,3,2,1,0,0,False,390.0,424.3561236506384,N-H,0,literature,0.0,False,1.0,2.0,,0.0,0.0,8.469114365133468e-213,2.5626112627473025e-42,366.74813109877994,458.7122473012768,1.0,1.008,778.5607370076495,-32.22771549318302,-31.224402910572103,-30.835422448735237,-42.06615301552556,460.0,460.0,-300.0,-300.0,-212.07216200247277,-41.59131726944909,390.0
trans-NHDCHO,[2H]N=CO,KIDA,True,neutral,0,46.02774046,3,2,1,0,0,True,467.30434577566416,488.2871977197282,O-H,0,xtb_corrected,-15.4,True,1.0,0.0,0.972729858956054,0.0,0.0,1.337924815065633e-186,3.5550002124565295e-49,213.82208246202617,311.53623051710946,1.0,2.014,824.3584274198644,-21.353580466355456,-20.733113383371084,-20.55645269438574,-48.13327632845938,487.4540282087892,324.9693521391928,-300.0,-300.0,-185.87356829114185,-48.44916036897959,
NH2CH2O,NCO,KIDA,True,neutral,0,47.03711378,3,2,2,0,0,True,463.7830898574804,486.3476147622385,C-H,0,xtb_corrected,-15.4,True,1.0,3.0,1.0935457065393548,0.0,6.184298725294153e-213,3.063676487331676e-110,7.139148766390871e-35,301.09917591204777,309.1887265716536,1.0,1.008,686.9653561832204,-23.265044386803183,-22.722355247380033,-22.58259418135917,-36.62916114025343,446.2788546799075,297.5192364532717,-300.0,-212.20870954049764,-109.51375709647564,-34.14635356806949,
NH2CH2O+,[NH2+]=CO,KIDA,True,positive,1,46.02874016809,3,2,0,0,0,True,542.0378254368953,570.1756142300328,C-H,0,xtb_corrected,-15.4,True,1.0,5.0,1.094843677334958,0.0,3.2347620807473e-311,5.623259413719812e-149,1.2164710804555811e-37,325.511929352,361.3585502912635,1.0,1.008,686.9653561832204,-23.260093432797877,-22.717579229025574,-22.577900517603776,-36.668831146021546,446.18621412975546,297.4574760865036,-300.0,-299.99999999998596,-148.2500118810383,-36.9148982112279,
NH2CH2SH,NCS,KIDA,True,neutral,0,63.014270159999995,3,2,2,0,0,False,428.4547610936374,455.02860069254893,C-H,0,xtb_corrected,-15.4,False,1.0,3.0,1.0939223839490142,0.0,0.0,1.0393426392167016e-186,6.365029059487222e-41,354.44612125305736,428.4547610936374,1.0,1.008,686.9653561832204,-35.22911090361055,-34.26478089223577,-33.898144272316216,-44.87547822503228,446.25196994368775,446.25196994368775,-300.0,-300.0,-185.98324125533986,-40.19619960923796,
OH,[OH],KIDA,True,neutral,0,17.00273965,1,1,0,0,0,True,497.8968,497.8968,O-H,0,literature,0.0,True,1.0,0.0,,0.0,0.0,5.459125083472327e-211,4.0254003266479795e-42,365.0187083267813,454.3962773214503,1.0,1.008,824.3584274198644,-21.46837336808709,-20.84309550639723,-20.663983925227992,-33.69427771976918,490.0,326.6666666666667,-300.0,-300.0,-210.26287695470677,-41.39519092249892,497.8968
OH-,[OH-],KIDA,True,negative,-1,17.00328823,1,0,1,0,0,True,560.2229669580919,560.2229669580919,O-H,0,xtb_corrected,-15.4,True,1.0,0.0,0.9778077529315132,0.0,5.53e-321,2.748467816902858e-153,2.957812136438376e-38,330.9272776851035,373.48197797206126,1.0,1.008,824.3584274198644,-21.307793298169234,-20.68924518641136,-20.51355972849115,-34.194346029846386,486.43844941369736,324.2922996091316,-300.0,-300.0,-152.56090934402602,-37.52902941340171,
OH+,[OH+],KIDA,True,positive,1,17.00219107,1,0,0,0,0,True,897.0915624733219,897.0915624733219,O-H,0,xtb_corrected,-15.4,True,1.0,0.0,0.9778077529315132,0.0,0.0,1.00627988434832e-304,3.2334162486149615e-48,418.76511711795223,598.0610416488813,1.0,1.008,824.3584274198644,-21.307793298169234,-20.68924518641136,-20.51355972849115,-34.194346029846386,486.43844941369736,324.2922996091316,-300.0,-300.0,-299.9999563000186,-47.49033838359128,
O2H,[O]O,KIDA,True,neutral,0,32.99765427,2,1,1,0,0,True,362.7528,362.7528,O-H,1,literature,0.0,True,1.0,1.0,,1.9394909290797148e-240,2.516005758124154e-141,4.479236058200083e-82,1.4667683943977278e-32,280.7058822982273,268.72467350352673,1.0,1.008,824.3584274198644,-21.46837336808709,-20.84309550639723,-20.663983925227992,-33.69427771976918,490.0,326.6666666666667,-239.71231224723684,-140.5992883693004,-81.34879604939451,-31.833638456692444,362.7528
HO2+,[O+]O,KIDA,True,positive,1,32.99710569,2,1,1,0,0,True,463.8876822081635,463.8876822081635,O-H,0,xtb_corrected,-15.4,True,1.0,1.0,0.9813415830996788,0.0,5.596007679666226e-213,2.924692775583396e-110,7.076138205133435e-35,301.13312593731786,309.25845480544234,1.0,1.008,824.3584274198644,-21.275930008607652,-20.658717345034848,-20.48370975097099,-34.29298553749286,485.7316833800643,323.8211222533762,-300.0,-212.25212169817692,-109.53391974765923,-34.15020369340778,
PC2H+,[CH+]=C=[P],KIDA,True,positive,1,55.981038082089995,3,0,0,0,0,False,553.6936487522795,553.6936487522795,C-H,0,xtb_corrected,-15.4,False,1.0,2.0,1.07645087208256,0.0,0.0,1.1624134334184471e-283,2.0190525816196694e-46,402.932698650032,553.6936487522795,1.0,1.008,686.9653561832204,-35.32968394974679,-34.361818068249775,-33.99313987340392,-44.22040765391166,447.4989706287416,447.4989706287416,-300.0,-300.0,-282.9346393797615,-45.69485237069979,
PCH2+,[CH2+][P],KIDA,True,positive,1,44.988863114089995,2,0,0,0,0,False,506.5780156395592,506.5780156395592,C-H,0,xtb_corrected,-15.4,False,1.0,0.0,1.0848183577749713,0.0,0.0,9.703872242637347e-248,1.9612326968345693e-44,385.4081647525191,506.5780156395592,1.0,1.008,686.9653561832204,-35.28151691628097,-34.31534443978131,-33.94764414839229,-44.53439569669037,446.9017549744599,446.9017549744599,-300.0,-300.0,-247.01305492985406,-43.707470874993234,
PNH2+,N[P],KIDA,True,neutral,0,46.992485694,2,1,1,0,0,False,289.7321516703954,289.7321516703954,N-H,2,xtb_corrected,-15.4,False,1.0,0.0,1.0456149629832618,0.0,3.5466825891506506e-175,1.7399862930148738e-95,8.820234132991027e-34,291.47149425824824,289.7321516703954,1.0,1.008,778.5607370076495,-31.58900732792564,-30.610941364369086,-30.236614941497105,-43.12597332519833,451.0962592541846,451.0962592541846,-300.0,-174.45017767703374,-94.75945417291939,-33.05451988637425,
PC2H2+,[CH2+]C#P,KIDA,True,positive,1,56.988863114089995,3,0,0,0,0,False,418.4648421081758,418.4648421081758,C-H,0,xtb_corrected,-15.4,False,1.0,0.0,1.0854054157666595,0.0,0.0,7.664367668274826e-183,1.8844070936522655e-40,350.28958884511763,418.4648421081758,1.0,1.008,686.9653561832204,-35.27813757396148,-34.31208390577291,-33.94445221327297,-44.556406944034144,446.85985466706825,446.85985466706825,-300.0,-300.0,-182.11552366983858,-39.724825269574836,
PC3H+,[CH+]=[C]C#P,KIDA,True,positive,1,67.98103808,4,0,0,0,0,False,613.0671071334731,613.0671071334731,C-H,0,xtb_corrected,-15.4,False,1.0,2.0,1.0595770858023044,0.0,0.0,0.0,8.271001711041949e-49,423.9862273977796,613.0671071334731,1.0,1.008,686.9653561832204,-35.42681944860011,-34.455538662974085,-34.0848876130503,-43.58576789794664,448.7033096242312,448.7033096242312,-300.0,-300.0,-300.0,-48.082441889331015,
PCH3+,C[P],KIDA,True,neutral,0,45.99723673,2,0,0,0,0,False,291.06027570834925,291.06027570834925,C-H,3,xtb_corrected,-15.4,False,1.0,0.0,1.1041714023789366,0.0,6.950807483849416e-176,7.94114171041741e-96,7.409795824635865e-34,292.13877899670905,291.06027570834925,1.0,1.008,686.9653561832204,-35.170115010201705,-34.20785918608377,-33.84241962218825,-45.25877871829466,445.52046295671767,445.52046295671767,-300.0,-175.1579647399553,-95.10011705388415,-33.13019375874883,
PNH3+,[NH3+][P],KIDA,True,positive,1,47.99976215,2,1,0,0,0,False,197.6057918662807,197.6057918662807,N-H,3,xtb_corrected,-15.4,False,1.0,0.0,1.0534413690772877,7.728086467065817e-44,1.4144005489141484e-43,1.6673251900830441e-43,5.033903620603645e-28,240.71190861764856,197.6057918662807,1.0,1.008,778.5607370076495,-31.448673332736035,-30.47615531949831,-30.10504180750114,-43.35443978468874,449.1396577306781,449.1396577306781,-43.11192802738456,-42.8494275837858,-42.77797968842312,-27.29809510373416,
PC2H3+,[CH2+]C=[P],KIDA,True,positive,1,57.996688146089994,3,0,0,0,0,False,249.89097183194676,395.84208723188226,C-H,1,xtb_corrected,-15.4,False,1.0,3.0,1.0827243256866308,2.1792305150823889e-184,2.3841177447436033e-113,6.073240339725209e-71,2.005219626737094e-31,270.6905064309824,249.89097183194676,1.0,1.008,686.9653561832204,-35.29357103973513,-34.32697477474029,-33.95902978058154,-44.45586251808679,447.05121310199024,447.05121310199024,-183.6616968284351,-112.62267229984218,-70.21657953195975,-30.69783805324016,
PC4H+,C#C[C+]=C=[P],KIDA,True,positive,1,79.98103808,5,0,0,0,0,False,546.7915299439774,546.7915299439774,C-H,0,xtb_corrected,-15.4,False,1.0,2.0,1.0590600474989158,0.0,0.0,2.2263594005806296e-280,3.8980504538070015e-46,400.413425773111,546.7915299439774,1.0,1.008,686.9653561832204,-35.4297958765193,-34.45841045305335,-34.087698934579485,-43.56629089952078,448.7402123904859,448.7402123904859,-300.0,-300.0,-279.65240472630416,-45.409152543959244,
PCH4+,C[PH],KIDA,True,neutral,0,47.00506176,2,0,0,0,0,False,292.99110215390175,292.99110215390175,C-H,3,xtb_corrected,-15.4,False,1.0,0.0,1.0934879501534944,0.0,6.507827144319065e-177,2.541023919433618e-96,5.755709528247908e-34,293.1061677836429,292.99110215390175,1.0,1.008,686.9653561832204,-35.23161163815181,-34.26719370644072,-33.90050633672701,-44.85921504505298,446.2829769478191,446.2829769478191,-300.0,-176.1865639909634,-95.59499124678389,-33.239901131598224,
PC2H4+,C[CH+][P],KIDA,True,positive,1,59.004513178089994,3,0,0,0,0,False,397.9412116484616,415.8781534450928,C-H,0,xtb_corrected,-15.4,False,1.0,1.0,1.0680471351173324,0.0,0.0,5.93719929467396e-162,1.826309453389149e-39,341.5916141949515,397.9412116484616,1.0,1.008,686.9653561832204,-35.37806044047624,-34.40849381718289,-34.03883320858003,-43.904577751591816,448.0987736585395,448.0987736585395,-300.0,-300.0,-161.2264183728148,-38.73842563287363,
PC4H2+,C=C=[C+]C#P,KIDA,True,positive,1,80.98886311,5,0,0,0,0,False,408.2346539007451,408.2346539007451,C-H,0,xtb_corrected,-15.4,False,1.0,2.0,1.0762861268483577,0.0,0.0,7.098973414230506e-179,5.804364089376203e-40,345.98133936204033,408.2346539007451,1.0,1.008,686.9653561832204,-35.330632305624185,-34.36273308311677,-33.99403563185056,-44.214220821411814,447.51072905133714,447.51072905133714,-300.0,-300.0,-178.14880445026262,-39.23624535346248,
CH3S,C[S-],KIDA,True,negative,-1,46.99609468,2,0,1,0,0,False,397.48,397.48,C-H,0,literature,0.0,False,1.0,1.0,,0.0,0.0,1.2340794664298032e-190,2.1394237754962798e-41,358.6214290298691,438.6084460590501,1.0,1.008,686.9653561832204,-35.25168942794757,-34.28656560786723,-33.91947075501021,-44.72859558365914,446.5319237054945,446.5319237054945,-300.0,-300.0,-189.90865687375435,-40.66970318217424,397.48
C2H5N+,CC=[NH+],KIDA,True,positive,1,43.04165058008999,3,1,1,0,0,False,133.18411719382902,334.3945272922209,C-H,2,xtb_corrected,-15.4,False,1.0,4.0,1.102876748327841,5.634660237479848e-36,7.090369212498275e-36,8.390585971679912e-36,3.88266135939709e-23,197.61684425463528,133.18411719382902,1.0,1.008,686.9653561832204,-35.17756729566476,-34.21504946063429,-33.84945870781552,-45.210399999403265,445.6128667796361,445.6128667796361,-35.24913226620817,-35.1493311494748,-35.07620770837502,-22.410870486394106,
C3H5N+,CC=[NH+]C,KIDA,True,positive,1,58.06512567608999,4,1,0,0,0,False,449.4305140716533,464.76128605788347,C-H,0,xtb_corrected,-15.4,False,1.0,0.0,1.0914102425046877,0.0,0.0,6.605756396954224e-209,6.786084493288281e-42,363.0187184970046,449.4305140716533,1.0,1.008,686.9653561832204,-35.24357159138105,-34.27873317497918,-33.911803080826,-44.781417468136006,446.4312699450827,446.4312699450827,-300.0,-300.0,-208.1800774459957,-41.16838073727263,
C5H4,C=C=C=C=C,KIDA,True,neutral,0,64.03130013,5,0,0,0,0,False,408.5618828595704,408.56188469479486,C-H,0,xtb_corrected,-15.4,False,1.0,2.0,1.0836945881241469,0.0,0.0,5.299291235375455e-179,5.597994689534065e-40,346.11997585607986,408.56188288057626,1.0,1.008,686.9653561832204,-35.287985797793745,-34.321585893716914,-33.953754283859865,-44.492254320156455,446.9819622018099,446.9819622018099,-300.0,-300.0,-178.27578221212545,-39.25196751785756,
C6N2H+,N#CC#CC#C[NH+],KIDA,True,positive,1,89.01342445208999,7,0,1,0,0,False,479.4218257712859,479.4218257712859,N-H,0,xtb_corrected,-15.4,False,1.0,0.0,1.026093180113757,0.0,0.0,1.812994908289285e-221,3.0212097637297978e-43,374.93556878849085,479.4218257712859,1.0,1.008,778.5607370076495,-31.939084648064902,-30.94718015257623,-30.564827930728686,-42.54912531299659,455.9767049715608,455.9767049715608,-300.0,-300.0,-220.74160341559835,-42.519819120450734,
C3H5NH+,CC[NH3+],KIDA,True,positive,1,46.06512567608999,3,1,0,0,0,False,471.35564747159106,508.1400841691034,N-H,0,xtb_corrected,-15.4,False,1.0,0.0,1.0286230675204322,0.0,0.0,4.2924882781983313e-218,6.908631311220354e-43,371.7680804322426,471.35564747159106,1.0,1.008,778.5607370076495,-31.893714231165212,-30.903603114111903,-30.52229189746746,-42.62444010749852,455.3442331198919,455.3442331198919,-300.0,-300.0,-217.3672908821241,-42.16060798343059,
C4H5N+,C#CC[NH2+]C,KIDA,True,positive,1,70.06512567608999,5,1,0,1,0,False,422.5933379149496,503.7969950472806,N-H,0,xtb_corrected,-15.4,False,1.0,1.0,1.0283640174261377,0.0,0.0,1.9292644688416477e-184,1.201425481470477e-40,352.01329360188953,422.5933379149496,1.0,1.008,778.5607370076495,-31.898359937305894,-30.908065185667432,-30.52664738669908,-42.61673581474588,455.4089956434656,455.4089956434656,-300.0,-300.0,-183.71460823400167,-39.92030316118119,
C6H4,C#CC#CC=C,KIDA,True,neutral,0,76.03130013,6,0,0,0,0,False,449.8341555010931,540.889659594194,C-H,0,xtb_corrected,-15.4,False,1.0,3.0,1.0859700123176426,0.0,0.0,4.4727788087187377e-209,6.503338942369223e-42,363.1816986513017,449.8341555010931,1.0,1.008,686.9653561832204,-35.274887532346106,-34.30894812673945,-33.9413824071928,-44.57757379446218,446.81955750840007,446.81955750840007,-300.0,-300.0,-208.34942257835945,-41.18686361075227,
C7H3,[C]#CC#CC#CC,KIDA,True,neutral,0,87.0234751,7,0,0,0,0,False,340.698678745417,340.69867902897136,C-H,3,xtb_corrected,-15.4,False,1.0,0.0,1.0941586649226946,0.0,1.6107262674847462e-263,1.8989867794300857e-130,1.4318440089164733e-36,316.0697742588154,340.698678745417,1.0,1.008,686.9653561832204,-35.2277507985359,-34.26346860550014,-33.89685958719733,-44.884322942693,446.2351057742732,446.2351057742732,-300.0,-262.7929782588494,-129.72147805877037,-35.84410429331094,
C4H5NH+,CCC[NH3+],KIDA,True,positive,1,60.08077574,4,1,0,1,0,False,458.7440257047756,476.4292872483669,N-H,0,xtb_corrected,-15.4,False,1.0,0.0,1.0287693107577145,0.0,0.0,8.213335816937192e-213,2.5541246342032293e-42,366.7608345619169,458.7440257047756,1.0,1.008,778.5607370076495,-31.891091564293298,-30.901084115667462,-30.519833067390064,-42.628788692648016,455.3076723105714,455.3076723105714,-300.0,-300.0,-212.08548041990235,-41.59275791418848,
C5H5N+,c1cc[nH+]cc1,KIDA,True,positive,1,80.04947561208999,6,0,0,0,1,False,496.70814718738234,555.8436455346737,N-H,0,xtb_corrected,-15.4,False,1.0,3.0,1.0210346073971477,0.0,0.0,2.607569794878389e-243,5.25301763308511e-44,381.6351634882667,496.70814718738234,1.0,1.008,778.5607370076495,-32.02980642713928,-31.034316026200663,-30.64988148925212,-42.39803396289821,457.24134815071307,457.24134815071307,-300.0,-300.0,-242.58376405830896,-43.279591141374944,
C5H7,CC=CC=C,KIDA,True,neutral,0,68.06260026,5,0,0,1,0,False,427.9952512663724,487.8963282473756,C-H,0,xtb_corrected,-15.4,False,1.0,0.0,1.0942670320108812,0.0,0.0,1.565091920884161e-186,6.688997204224735e-41,354.2560018013186,427.9952512663724,1.0,1.008,686.9653561832204,-35.227127004858154,-34.26286674305988,-33.89627038379348,-44.88837932550974,446.2273712499665,446.2273712499665,-300.0,-300.0,-185.8054601504112,-40.174638985567775,
C5H7+,C=CC[CH+]C,KIDA,True,positive,1,69.06987670808999,5,0,0,2,0,False,381.27904677930667,468.45760326750616,C-H,0,xtb_corrected,-15.4,False,1.0,1.0,1.0958138710831142,0.0,0.0,4.701295194535666e-156,1.2057383100971054e-38,334.3637683737402,381.27904677930667,1.0,1.008,686.9653561832204,-35.21822294636358,-34.254275732511694,-33.88786006413029,-44.94627163777368,446.11696813216616,446.11696813216616,-300.0,-300.0,-155.32778247858565,-37.91874693996792,
C8H4,C#CC#CC#CC=C,KIDA,True,neutral,0,100.0313001,8,0,0,0,0,False,434.2516916662344,534.5150476959482,C-H,0,xtb_corrected,-15.4,False,1.0,3.0,1.0860123457875106,0.0,0.0,5.95625176501357e-189,3.4102769047771586e-41,356.83586727325326,434.2516913485533,1.0,1.008,686.9653561832204,-35.274643844250306,-34.30871300605612,-33.941152233113606,-44.57916079778826,446.81653602598175,446.81653602598175,-300.0,-300.0,-188.22502695332327,-40.46721035610009,
C9H3,[C]#CC#CC#CC#CC,KIDA,True,neutral,0,111.0234751,9,0,0,0,0,False,342.28804495093146,342.2880449526851,C-H,3,xtb_corrected,-15.4,False,1.0,0.0,1.0941601684401177,0.0,1.182854650297852e-264,5.84883286551074e-131,1.181370854146109e-36,316.80615238812453,342.28804495093146,1.0,1.008,686.9653561832204,-35.22774214383473,-34.26346025507955,-33.89685141241234,-44.8843792227127,446.2349984631675,446.2349984631675,-300.0,-263.92706861839133,-130.23293078872788,-35.92761374791844,
C6H7,C1=CC=CCC1,KIDA,True,neutral,0,80.06260026,6,0,0,0,0,False,321.7,321.7,C-H,8,literature,0.0,False,1.0,3.0,,0.0,0.0,1.2112389994724188e-157,7.227240642339195e-39,336.32381627910763,385.7622814262556,1.0,1.008,686.9653561832204,-35.25168942794757,-34.28656560786723,-33.91947075501021,-44.72859558365914,446.5319237054945,446.5319237054945,-300.0,-300.0,-156.91677015420547,-38.14102748452371,321.7
HCOCHO,O=CC=O,KIDA,True,neutral,0,58.005479304000005,4,0,2,1,0,True,373.30243654569455,373.3024440782544,C-H,2,xtb_corrected,-15.4,True,1.0,4.0,1.1006362733314163,1.0195686971545182e-183,5.694836736840663e-113,9.691660763461427e-71,2.317618350257206e-31,270.1360370251406,248.86829103046304,1.0,1.008,686.9653561832204,-23.23799849808379,-22.69626499424771,-22.556953624049385,-36.845755949133405,445.7727770310638,297.1818513540425,-182.99158350672744,-112.24451872203362,-70.01360179584852,-30.63495807916782,
c-C3H2OH+,OC1=[C+][CH]1,KIDA,True,positive,1,54.0100161,4,1,1,0,0,True,64.96590544080226,231.12605811960344,O-H,1,xtb_corrected,-15.4,True,1.0,0.0,0.9731289250009852,9.287367975279903e-21,1.0236129129560162e-20,1.513419240325544e-20,1.6597249910561935e-13,112.6924601409848,43.31060362720151,1.0,1.008,824.3584274198644,-21.34998203533032,-20.729665762808587,-20.553081766455144,-34.06344232474762,487.3742149998029,324.91614333320194,-20.03210734690727,-19.989864244091837,-19.82004074908254,-12.779963866635326,
HC5O+,C#CC#CC=[O+],KIDA,True,positive,1,78.0100161,6,0,1,0,0,True,130.33790501416902,373.6486374344764,C-H,1,xtb_corrected,-15.4,True,1.0,4.0,1.101266644041109,3.9331371499035444e-29,4.224338718287503e-29,5.357039406208933e-29,7.910060957350614e-19,159.6200638154364,86.89193667611268,1.0,1.008,686.9653561832204,-23.235594071951027,-22.693945526188468,-22.55467411244181,-36.86499820312971,445.727785349014,297.1518568993427,-28.405260909321807,-28.374241266235263,-28.271075158959203,-18.101820169683233,
HC7O+,C#CC#CC#CC=[O+],KIDA,True,positive,1,102.0100161,8,0,1,0,0,True,139.86790257798302,378.2884484368208,C-H,1,xtb_corrected,-15.4,True,1.0,4.0,1.1012728862909236,3.6927752358831895e-30,4.010433325961035e-30,5.022561826436218e-30,1.770405526451077e-19,165.35264383337145,93.24526839582494,1.0,1.008,686.9653561832204,-23.235570262128647,-22.69392255766349,-22.55465153956725,-36.865188738547914,445.7273398186069,297.15155987907127,-29.432647125272464,-29.396808699472988,-29.299074708494135,-18.751927243396512,
HC9O+,C#CC#CC#CC#CC=[O+],KIDA,True,positive,1,126.0100161,10,0,1,0,0,True,150.28740073796334,379.9094664153493,C-H,1,xtb_corrected,-15.4,True,1.0,4.0,1.1012740025669676,3.0304247957172996e-31,3.3464625425625363e-31,4.1389714678738965e-31,3.648822688033512e-20,171.4010186741764,100.19160049547652,1.0,1.008,686.9653561832204,-23.235566004315334,-22.693918450295985,-22.554647502952264,-36.8652228111957,445.7272601462235,297.151506764149,-30.518496489152817,-30.475414031753992,-30.383107567411184,-19.437847240356813,
